ID,Shannon,NrSpecies,location,landscape,replicate,bbspecies,intertegular_distance,glossa,prementum,proboscis_length,proboscis_ratio,fore_wing_length,fore_wing_ratio,corbicula_length,corbicula_ratio
01_2_BERD_l,1.0489809878345286,3,BE,rural,D,B.pascuorum,3.56,5.5,2.43,7.93,2.23,10.47,2.94,3.65,1.03
01_2_BERD_p,0.2060652077876791,2,BE,rural,D,B.lapidarius,3.63,6.81,2.84,9.65,2.66,10.76,2.96,3.76,1.04
01_BEUA_l,1.7198968903366327,9,BE,urban,A,B.pascuorum,2.88,5.06,2.23,7.29,2.53,8.9,3.09,2.99,1.04
01_BEUA_p,0.5346090485276254,3,BE,urban,A,B.lapidarius,3.12,4.4,2.5,6.9,2.21,9.88,3.17,3.43,1.1
01_BEUB_l,0.5105777907293522,5,BE,urban,B,B.pascuorum,3.26,5.09,2.09,7.18,2.2,9.58,2.94,3.1,0.95
01_BEUB_p,0.19065092335678777,3,BE,urban,B,B.lapidarius,2.51,4.89,2.11,7,2.79,7.51,2.99,2.34,0.93
01_BEUC_l,1.8752669892103473,9,BE,urban,C,B.pascuorum,3.79,5.94,2.53,8.47,2.23,11.28,2.98,3.72,0.98
01_BEUC_p,0.7161895169966123,5,BE,urban,C,B.lapidarius,2.85,5.47,2.31,7.78,2.73,8.76,3.07,2.9,1.02
01_BSRD_l,0.1321818787315385,3,BS,rural,D,B.pascuorum,3.74,5.89,2.51,8.4,2.25,11.11,2.97,4.2,1.12
01_BSRD_p,0.31864984426660514,3,BS,rural,D,B.lapidarius,3.46,4.91,2.84,7.75,2.24,10.6,3.06,3.87,1.12
01_BSRE_l,1.774905011754967,8,BS,rural,E,B.pascuorum,3.02,4.63,2.13,6.76,2.24,8.52,2.82,2.9,0.96
01_BSRE_p,0.9305826568802398,4,BS,rural,E,B.lapidarius,3.12,6.16,2.52,8.68,2.78,9.53,3.05,3.07,0.98
01_BSRF_l,0.09281481620404028,2,BS,rural,F,B.pascuorum,3.12,5.48,2.39,7.87,2.52,10.27,3.29,3.61,1.16
01_BSRF_p,0,1,BS,rural,F,B.lapidarius,2.55,4.73,2.17,6.9,2.71,7.91,3.1,2.63,1.03
01_BSUA_l,0.31732648969347765,3,BS,urban,A,B.pascuorum,3.13,3.5,2.26,5.76,1.84,9.8,3.13,3.27,1.04
01_BSUA_p,0.17298798487237446,3,BS,urban,A,B.lapidarius,2.89,4.17,2.29,6.46,2.24,8.89,3.08,3.04,1.05
01_BSUB_l,0.5797765994495119,5,BS,urban,B,B.pascuorum,2.99,4.61,2.09,6.7,2.24,9.15,3.06,3.16,1.06
01_BSUB_p,0.5071016557045674,4,BS,urban,B,B.lapidarius,3.09,4.69,2.49,7.18,2.32,9.65,3.12,3.24,1.05
01_BSUC_l,1.6521594797976333,8,BS,urban,C,B.pascuorum,3.6,5.81,2.58,8.39,2.33,11.13,3.09,3.74,1.04
01_BSUC_p,1.5128979533602775,8,BS,urban,C,B.lapidarius,2.91,5.27,2.33,7.6,2.61,8.73,3,3.03,1.04
01_ZHRD_l,0.21488041836209254,2,ZH,rural,D,B.pascuorum,4.18,6.69,2.78,9.47,2.27,13,3.11,4.59,1.1
01_ZHRD_p,1.0171846171672203,5,ZH,rural,D,B.lapidarius,2.65,5.14,2.16,7.3,2.75,8.27,3.12,3.25,1.23
01_ZHRE_l,0.9374725082443164,4,ZH,rural,E,B.pascuorum,3.84,5.57,2.75,8.32,2.17,11.42,2.97,4.1,1.07
01_ZHRE_p,1.685919698361334,10,ZH,rural,E,B.lapidarius,3.19,6.69,2.55,9.24,2.9,9.92,3.11,3.5,1.1
01_ZHRF_l,0.6009325879713387,3,ZH,rural,F,B.pascuorum,3.49,5.67,2.4,8.07,2.31,10.52,3.01,3.62,1.04
01_ZHRF_p,0.0665198497338825,2,ZH,rural,F,B.lapidarius,3.09,5.82,2.39,8.21,2.66,9.19,2.97,3.09,1
01_ZHUA_l,1.8860222007003389,9,ZH,urban,A,B.pascuorum,3.22,5.11,2.04,7.15,2.22,9.91,3.08,3.09,0.96
01_ZHUA_p,0.2353843670651275,3,ZH,urban,A,B.lapidarius,3.14,6.57,2.62,9.19,2.93,9.86,3.14,3.34,1.06
01_ZHUB_l,2.372786465246679,15,ZH,urban,B,B.pascuorum,3.95,6.07,2.64,8.71,2.21,12,3.04,3.85,0.97
01_ZHUB_p,0.45545331577083226,4,ZH,urban,B,B.lapidarius,2.82,5.8,2.37,8.17,2.9,9.19,3.26,2.93,1.04
01_ZHUC_l,0.3260026507396237,4,ZH,urban,C,B.pascuorum,3.58,5.25,2.25,7.5,2.09,10.21,2.85,3.53,0.99
01_ZHUC_p,0,1,ZH,urban,C,B.lapidarius,3.05,4.48,2.5,6.98,2.29,9.63,3.16,3.28,1.08
02_2_BERD_l,0.685522182623887,2,BE,rural,D,B.pascuorum,3.79,6.19,2.67,8.86,2.34,11.4,3.01,4.14,1.09
02_2_BERD_p,0,1,BE,rural,D,B.lapidarius,3.52,7.09,2.77,9.86,2.8,10.75,3.05,3.67,1.04
02_BEUA_l,0.7265987579615949,4,BE,urban,A,B.pascuorum,3.39,5.35,2.43,7.78,2.29,10.45,3.08,3.36,0.99
02_BEUA_p,0.4341112639516179,3,BE,urban,A,B.lapidarius,3.65,7.42,3.02,10.44,2.86,11.36,3.11,3.84,1.05
02_BEUB_l,1.8478862405948009,11,BE,urban,B,B.pascuorum,3.85,5.95,2.6,8.55,2.22,11.55,3,3.92,1.02
02_BEUB_p,1.4132222161523007,7,BE,urban,B,B.lapidarius,3.07,6.78,2.62,9.4,3.06,10.08,3.28,3.44,1.12
02_BEUC_l,1.512316004021168,9,BE,urban,C,B.pascuorum,3.5,5.83,2.41,8.24,2.35,11.05,3.16,3.51,1
02_BEUC_p,0.1115753944802306,2,BE,urban,C,B.lapidarius,3.82,7.16,2.86,10.02,2.62,11.21,2.93,3.36,0.88
02_BSRD_l,0.08206430134073053,2,BS,rural,D,B.pascuorum,3.67,5.74,2.49,8.23,2.24,11,3,3.69,1.01
02_BSRD_p,0.37058322581822856,2,BS,rural,D,B.lapidarius,3.42,6.78,2.72,9.5,2.78,10.47,3.06,3.48,1.02
02_BSRE_l,0.6457848435181966,5,BS,rural,E,B.pascuorum,3.37,5.33,2.37,7.7,2.28,9.77,2.9,3.42,1.01
02_BSRE_p,0,1,BS,rural,E,B.lapidarius,3.26,6.69,2.7,9.39,2.88,10.24,3.14,3.36,1.03
02_BSRF_l,0.14608964306332659,3,BS,rural,F,B.pascuorum,3.9,6.05,2.59,8.64,2.22,11.08,2.84,3.71,0.95
02_BSUA_l,0.9946808559487684,5,BS,urban,A,B.pascuorum,3.12,5.12,2.21,7.33,2.35,9.28,2.97,3.31,1.06
02_BSUA_p,0,1,BS,urban,A,B.lapidarius,2.84,5.73,2.23,7.96,2.8,9.43,3.32,3.02,1.06
02_BSUB_l,0.45966535720229346,4,BS,urban,B,B.pascuorum,2.97,4.8,2.18,6.98,2.35,9.36,3.15,3.2,1.08
02_BSUB_p,1.1543621067650511,8,BS,urban,B,B.lapidarius,2.89,5.96,2.56,8.52,2.95,9.75,3.37,3.3,1.14
02_BSUC_l,1.986324910094599,11,BS,urban,C,B.pascuorum,3.47,4.32,2.43,6.75,1.95,10.78,3.11,3.67,1.06
02_BSUC_p,1.8597526392333106,11,BS,urban,C,B.lapidarius,2.67,3.81,2.08,5.89,2.21,9.18,3.44,2.88,1.08
02_ZHRD_l,1.1498829928366299,6,ZH,rural,D,B.pascuorum,3.62,5.51,2.29,7.8,2.15,10.32,2.85,3.58,0.99
02_ZHRD_p,1.4619925966664438,7,ZH,rural,D,B.lapidarius,3.47,6.93,2.74,9.67,2.79,10.67,3.07,2.66,0.77
02_ZHRE_l,0.15901057229115856,3,ZH,rural,E,B.pascuorum,3.28,4.31,2.32,6.63,2.02,9.96,3.04,3.39,1.03
02_ZHRE_p,0.2996541445576993,2,ZH,rural,E,B.lapidarius,3.52,6.6,2.59,9.19,2.61,10.26,2.91,3.45,0.98
02_ZHRF_l,1.0017401395760648,6,ZH,rural,F,B.pascuorum,3.1,4.88,2.2,7.08,2.28,9.35,3.02,3.12,1.01
02_ZHRF_p,0.5115999862098781,3,ZH,rural,F,B.lapidarius,3.82,7.51,2.85,10.36,2.71,11.05,2.89,3.71,0.97
02_ZHUA_l,0.1803398041317749,2,ZH,urban,A,B.pascuorum,2.9,4.22,1.88,6.1,2.1,8.54,2.94,2.64,0.91
02_ZHUA_p,0.23425745410348248,4,ZH,urban,A,B.lapidarius,3.6,7.25,2.78,10.03,2.79,10.79,3,3.63,1.01
02_ZHUB_l,0.33450640438726503,4,ZH,urban,B,B.pascuorum,4.04,5.88,2.05,7.93,1.96,12,2.97,3.79,0.94
02_ZHUB_p,0,1,ZH,urban,B,B.lapidarius,2.19,4.03,2.23,6.26,2.86,9.89,4.52,3.26,1.49
02_ZHUC_l,0.07391310311045991,2,ZH,urban,C,B.pascuorum,3.27,5.7,2.5,8.2,2.51,10.82,3.31,3.8,1.16
02_ZHUC_p,0.45113563354823205,2,ZH,urban,C,B.lapidarius,3.31,6.56,2.64,9.2,2.78,10.12,3.06,3.41,1.03
03_2_BERD_l,0,1,BE,rural,D,B.pascuorum,3.73,5.61,2.58,8.19,2.2,10.95,2.94,3.91,1.05
03_2_BERD_p,0,1,BE,rural,D,B.lapidarius,2.97,6.64,2.5,9.14,3.08,9.63,3.24,3.5,1.18
03_BEUA_l,0,1,BE,urban,A,B.pascuorum,2.9,4.69,2.13,6.82,2.35,9.15,3.16,2.97,1.02
03_BEUA_p,0.990359830551498,6,BE,urban,A,B.lapidarius,3.28,7.23,2.9,10.13,3.09,10.83,3.3,3.59,1.09
03_BEUB_l,1.049827512753689,6,BE,urban,B,B.pascuorum,2.85,4.79,2.21,7,2.46,9.12,3.2,3.08,1.08
03_BEUB_p,2.0958986920955245,11,BE,urban,B,B.lapidarius,2.9,5.75,2.46,8.21,2.83,9.11,3.14,3.15,1.09
03_BEUC_l,0.9962149991165161,6,BE,urban,C,B.pascuorum,3.48,5.62,2.56,8.18,2.35,10.47,3.01,3.62,1.04
03_BEUC_p,0.9787247984139518,6,BE,urban,C,B.lapidarius,2.72,5.84,2.34,8.18,3.01,8.93,3.28,2.81,1.03
03_BSRD_l,0.1116336763168738,2,BS,rural,D,B.pascuorum,3.66,5.89,2.59,8.48,2.32,10.75,2.94,4,1.09
03_BSRD_p,0.08758364679811013,2,BS,rural,D,B.lapidarius,3.65,7.33,2.84,10.17,2.79,11.39,3.12,3.82,1.05
03_BSRE_l,0.7840128809202063,3,BS,rural,E,B.pascuorum,3.69,5.94,2.62,8.56,2.32,11.1,3.01,3.87,1.05
03_BSRE_p,0,1,BS,rural,E,B.lapidarius,3.38,6.6,2.66,9.26,2.74,10.27,3.04,3.41,1.01
03_BSRF_l,0.09628065803977781,2,BS,rural,F,B.pascuorum,3.15,5.17,2.21,7.38,2.34,9.8,3.11,3.18,1.01
03_BSRF_p,0.4953002340502958,4,BS,rural,F,B.lapidarius,2.85,5.56,2.33,7.89,2.77,9.07,3.18,2.99,1.05
03_BSUA_l,0.9528121236396982,4,BS,urban,A,B.pascuorum,3.13,5.13,2.19,7.32,2.34,9.89,3.16,3.22,1.03
03_BSUA_p,0.08197403952902484,2,BS,urban,A,B.lapidarius,3.06,5.75,2.38,8.13,2.66,9.22,3.01,3.01,0.98
03_BSUB_l,0.43533584322433505,3,BS,urban,B,B.pascuorum,2.94,4.75,2.13,6.88,2.34,9.41,3.2,3.16,1.07
03_BSUB_p,1.0687298693658782,5,BS,urban,B,B.lapidarius,2.91,4.25,2.45,6.7,2.3,9.45,3.25,3.13,1.08
03_BSUC_l,1.7863217784589664,11,BS,urban,C,B.pascuorum,3.35,5.03,2.15,7.18,2.14,9.59,2.86,3.35,1
03_BSUC_p,1.6097451538398826,10,BS,urban,C,B.lapidarius,2.4,3.87,2.12,5.99,2.5,8.23,3.43,2.67,1.11
03_ZHRD_l,1.386952648227438,8,ZH,rural,D,B.pascuorum,3.44,5.42,2.28,7.7,2.24,10.24,2.98,3.47,1.01
03_ZHRD_p,0.13870826316632695,2,ZH,rural,D,B.lapidarius,3.33,6.59,2.65,9.24,2.77,9.98,3,3.59,1.08
03_ZHRE_l,0.8125828276890088,4,ZH,rural,E,B.pascuorum,3.06,5.26,2.21,7.47,2.44,9.35,3.06,3.11,1.02
03_ZHRE_p,1.1969213262011993,5,ZH,rural,E,B.lapidarius,2.86,5.82,2.39,8.21,2.87,9.1,3.18,3.1,1.08
03_ZHRF_l,0,1,ZH,rural,F,B.pascuorum,3.24,5.5,2.41,7.91,2.44,10.29,3.18,3.56,1.1
03_ZHRF_p,0.35619384042917923,3,ZH,rural,F,B.lapidarius,3.26,6.73,2.71,9.44,2.9,11.53,3.54,3.77,1.16
03_ZHUA_l,1.2973759613069489,6,ZH,urban,A,B.pascuorum,3.44,5.41,2.4,7.81,2.27,10.76,3.13,3.71,1.08
03_ZHUA_p,0.2943542050186125,4,ZH,urban,A,B.lapidarius,3.98,5.88,2.35,8.23,2.07,9.12,2.29,2.86,0.72
03_ZHUB_l,0.8139894996627366,4,ZH,urban,B,B.pascuorum,3.28,4.7,2.24,6.94,2.12,9.62,2.93,3.18,0.97
03_ZHUB_p,0.09845811530898968,2,ZH,urban,B,B.lapidarius,3.44,5.02,2.69,7.71,2.24,11,3.2,3.35,0.97
03_ZHUC_l,1.7417407685035085,9,ZH,urban,C,B.pascuorum,3.3,3.42,2.12,5.54,1.68,9.62,2.92,3.28,0.99
03_ZHUC_p,0.12149503898636109,2,ZH,urban,C,B.lapidarius,3.19,6.53,2.59,9.12,2.86,9.98,3.13,3.26,1.02
04_2_BERD_l,0.6615518375877834,2,BE,rural,D,B.pascuorum,3.05,4.76,2.23,6.99,2.29,9,2.95,3.33,1.09
04_2_BERD_p,0.057380271821597016,2,BE,rural,D,B.lapidarius,3.07,6.09,2.48,8.57,2.79,8.81,2.87,3.13,1.02
04_BEUA_p,0.8800437346536476,5,BE,urban,A,B.lapidarius,3.37,7.05,2.8,9.85,2.92,10.46,3.1,3.59,1.07
04_BEUB_l,0,1,BE,urban,B,B.pascuorum,3.32,5.47,2.5,7.97,2.4,10.8,3.25,3.82,1.15
04_BEUB_p,1.433899642580358,10,BE,urban,B,B.lapidarius,2.97,6.18,2.35,8.53,2.87,9.44,3.18,3.22,1.08
04_BEUC_l,0.18451447855625783,3,BE,urban,C,B.pascuorum,3.21,5.16,2.18,7.34,2.29,10.31,3.21,3.53,1.1
04_BEUC_p,1.3633282724477445,8,BE,urban,C,B.lapidarius,2.74,5.4,2.27,7.67,2.8,8.5,3.1,2.35,0.86
04_BSRD_l,0,1,BS,rural,D,B.pascuorum,4.19,6.06,2.42,8.48,2.02,11.18,2.67,4,0.95
04_BSRD_p,0.1356347076628824,2,BS,rural,D,B.lapidarius,3.95,7.8,3.05,10.85,2.75,11.74,2.97,4.17,1.06
04_BSRE_l,0.08433118526191705,2,BS,rural,E,B.pascuorum,3.17,4.89,2.21,7.1,2.24,9.47,2.99,3.23,1.02
04_BSRE_p,0,1,BS,rural,E,B.lapidarius,3.65,7.7,2.89,10.59,2.9,10.95,3,3.85,1.05
04_BSRF_l,0.2213431967215623,4,BS,rural,F,B.pascuorum,3.2,5.36,2.34,7.7,2.41,9.76,3.05,3.62,1.13
04_BSRF_p,0.9660273588544808,5,BS,rural,F,B.lapidarius,3.26,6.7,2.66,9.36,2.87,10.41,3.19,3.58,1.1
04_BSUA_l,0.28368583247902157,3,BS,urban,A,B.pascuorum,3.2,5.34,2.31,7.65,2.39,10,3.13,3.64,1.14
04_BSUA_p,0.0738651023045752,2,BS,urban,A,B.lapidarius,2.65,5.12,2.12,7.24,2.73,8.6,3.25,2.62,0.99
04_BSUB_l,1.6061725817810921,8,BS,urban,B,B.pascuorum,3.2,5.1,2.27,7.37,2.3,9.64,3.01,3.33,1.04
04_BSUB_p,0.5426882570224805,3,BS,urban,B,B.lapidarius,3.06,6.34,2.55,8.89,2.91,9.64,3.15,3.36,1.1
04_BSUC_l,1.2252253157025956,8,BS,urban,C,B.pascuorum,3.47,5.32,2.45,7.77,2.24,10.81,3.12,3.56,1.03
04_BSUC_p,1.5739978162135422,9,BS,urban,C,B.lapidarius,2.85,5.98,2.39,8.37,2.94,9.34,3.28,3.02,1.06
04_ZHRD_l,1.338780831083359,7,ZH,rural,D,B.pascuorum,3.12,5.37,2.34,7.71,2.47,10.02,3.21,3.44,1.1
04_ZHRD_p,0.7444354245043024,5,ZH,rural,D,B.lapidarius,2.84,3.88,2.44,6.32,2.23,8.99,3.17,2.92,1.03
04_ZHRE_l,0.9205516935994971,6,ZH,rural,E,B.pascuorum,3.33,5.18,2.36,7.54,2.26,9.84,2.95,3.36,1.01
04_ZHRE_p,0,1,ZH,rural,E,B.lapidarius,3.41,6.74,2.71,9.45,2.77,10.44,3.06,3.48,1.02
04_ZHRF_l,0.09564035572542391,2,ZH,rural,F,B.pascuorum,3.15,6.55,2.17,8.72,2.77,10.26,3.26,3.45,1.1
04_ZHRF_p,1.8711382347243335,10,ZH,rural,F,B.lapidarius,3.6,6.8,2.76,9.56,2.66,11.21,3.11,3.79,1.05
04_ZHUA_l,1.465348134133634,8,ZH,urban,A,B.pascuorum,3.14,3.2,2.07,5.27,1.68,9.05,2.88,3.09,0.98
04_ZHUA_p,0.6924995998416105,5,ZH,urban,A,B.lapidarius,3.46,7.02,2.75,9.77,2.82,10.43,3.01,3.54,1.02
04_ZHUB_l,0.9700904560267366,7,ZH,urban,B,B.pascuorum,3.73,5.38,2.43,7.81,2.09,11.5,3.08,3.41,0.91
04_ZHUB_p,0.3916239547297665,4,ZH,urban,B,B.lapidarius,2.61,4.39,2.24,6.63,2.54,9.03,3.46,2.89,1.11
04_ZHUC_l,1.394674116779748,8,ZH,urban,C,B.pascuorum,3.51,5.5,2.34,7.84,2.23,10.4,2.96,3.74,1.07
04_ZHUC_p,0.33222484367687843,3,ZH,urban,C,B.lapidarius,3.1,6.14,2.51,8.65,2.79,9.47,3.05,3,0.97
05_2_BERD_l,0.9946450959599182,4,BE,rural,D,B.pascuorum,3.46,5.79,2.52,8.31,2.4,10.42,3.01,3.65,1.05
05_2_BERD_p,0,1,BE,rural,D,B.lapidarius,3.87,7.96,3.04,11,2.84,11.89,3.07,4.02,1.04
05_BEUB_l,1.6505877772001782,10,BE,urban,B,B.pascuorum,3.56,6.09,2.62,8.71,2.45,11.36,3.19,3.7,1.04
05_BEUB_p,1.9083552858370993,12,BE,urban,B,B.lapidarius,3.26,5.45,2.52,7.97,2.44,9.47,2.9,3.26,1
05_BEUC_l,1.6513966635222874,9,BE,urban,C,B.pascuorum,3.71,5.86,2.51,8.37,2.26,11.2,3.02,3.81,1.03
05_BEUC_p,0,1,BE,urban,C,B.lapidarius,3.21,6.65,2.59,9.24,2.88,10.05,3.13,3.29,1.02
05_BSRD_l,0,1,BS,rural,D,B.pascuorum,3.86,5.95,2.19,8.14,2.11,11.27,2.92,4.02,1.04
05_BSRD_p,0.4692510524198704,2,BS,rural,D,B.lapidarius,3.38,7.19,2.79,9.98,2.95,10.81,3.2,3.91,1.16
05_BSRE_l,0.4337262546167213,3,BS,rural,E,B.pascuorum,3.69,6.05,2.63,8.68,2.35,11.44,3.1,4.16,1.13
05_BSRE_p,0,1,BS,rural,E,B.lapidarius,3.32,6.98,2.82,9.8,2.95,10.66,3.21,3.85,1.16
05_BSRF_l,0.0791808339038292,2,BS,rural,F,B.pascuorum,3.22,5.35,2.4,7.75,2.41,10.11,3.14,3.53,1.1
05_BSRF_p,0.4846283644631968,2,BS,rural,F,B.lapidarius,3.18,6.32,2.53,8.85,2.78,9.86,3.1,3.3,1.04
05_BSUA_l,0.4363203788469153,4,BS,urban,A,B.pascuorum,2.75,4.46,2,6.46,2.35,8.37,3.04,2.84,1.03
05_BSUA_p,0.6600099334372589,3,BS,urban,A,B.lapidarius,2.68,5.16,2.11,7.27,2.71,8.5,3.17,2.81,1.05
05_BSUB_l,0.3744301191737385,4,BS,urban,B,B.pascuorum,2.96,4.53,1.95,6.48,2.19,8.81,2.98,2.93,0.99
05_BSUB_p,0.7329959895292546,3,BS,urban,B,B.lapidarius,3.23,6.77,2.65,9.42,2.92,9.99,3.09,3.39,1.05
05_BSUC_l,0.6989507826636171,4,BS,urban,C,B.pascuorum,3.35,5.04,2.05,7.09,2.12,9.59,2.86,3.36,1
05_BSUC_p,0.6469713577782513,2,BS,urban,C,B.lapidarius,2.85,5.99,2.38,8.37,2.94,9.3,3.26,3.16,1.11
05_ZHRD_l,0,1,ZH,rural,D,B.pascuorum,3.56,5.64,2.5,8.14,2.29,10.46,2.94,3.66,1.03
05_ZHRD_p,1.5488197556491503,9,ZH,rural,D,B.lapidarius,2.89,6.2,2.49,8.69,3.01,9.35,3.24,3.72,1.29
05_ZHRE_l,0.1009409726883307,2,ZH,rural,E,B.pascuorum,3.37,5.5,2.42,7.92,2.35,10.38,3.08,3.52,1.04
05_ZHRE_p,0.05879521183461206,2,ZH,rural,E,B.lapidarius,3.55,7.39,2.87,10.26,2.89,11.21,3.16,3.98,1.12
05_ZHRF_l,0.1484452212710087,2,ZH,rural,F,B.pascuorum,3.17,5.32,2.2,7.52,2.37,10.33,3.26,3.42,1.08
05_ZHRF_p,0,1,ZH,rural,F,B.lapidarius,3.15,6.72,2.64,9.36,2.97,10.1,3.21,3.44,1.09
05_ZHUA_l,1.5453153991914361,9,ZH,urban,A,B.pascuorum,3.15,5.17,2.18,7.35,2.33,9.5,3.02,3.14,1
05_ZHUA_p,1.6219843308708928,8,ZH,urban,A,B.lapidarius,3.23,6.54,2.78,9.32,2.89,9.95,3.08,3.43,1.06
05_ZHUB_l,1.8927362665440055,11,ZH,urban,B,B.pascuorum,3.05,3.05,2.04,5.09,1.67,8.92,2.92,3.1,1.02
05_ZHUB_p,0,1,ZH,urban,B,B.lapidarius,2.87,5.96,2.42,8.38,2.92,9.44,3.29,3.2,1.11
05_ZHUC_l,2.0829472973676624,14,ZH,urban,C,B.pascuorum,3.66,5.73,2.38,8.11,2.22,11.18,3.05,3.94,1.08
05_ZHUC_p,0.15509274144008117,2,ZH,urban,C,B.lapidarius,3.05,6.21,2.51,8.72,2.86,9.16,3,3.27,1.07
06_2_BERD_p,0,1,BE,rural,D,B.lapidarius,3.74,7.61,2.9,10.51,2.81,11.39,3.05,4,1.07
06_BERD_l,0.1482933912609645,2,BE,rural,D,B.pascuorum,3.68,5.28,2.3,7.58,2.06,11.23,3.05,3.67,1
06_BEUA_p,1.109908596948737,4,BE,urban,A,B.lapidarius,3.38,6.72,2.74,9.46,2.8,10.3,3.05,3.35,0.99
06_BEUB_l,0.750091043792786,3,BE,urban,B,B.pascuorum,3.14,4.91,2.27,7.18,2.29,9.36,2.98,3.34,1.06
06_BEUB_p,1.2220545641242653,9,BE,urban,B,B.lapidarius,3.31,6.38,2.49,8.87,2.68,9.98,3.02,3.21,0.97
06_BEUC_l,1.1317834840018934,8,BE,urban,C,B.pascuorum,3.04,5.07,2.25,7.32,2.41,9.52,3.13,3.17,1.04
06_BEUC_p,0.20416102609113196,3,BE,urban,C,B.lapidarius,3.23,6.39,2.68,9.07,2.81,10.31,3.19,3.27,1.01
06_BSRD_l,1.6377695280408444,8,BS,rural,D,B.pascuorum,3.52,5.91,2.53,8.44,2.4,11.29,3.21,3.96,1.13
06_BSRD_p,0,1,BS,rural,D,B.lapidarius,3.28,6.75,2.75,9.5,2.9,10.22,3.12,3.6,1.1
06_BSRE_l,1.1248696020898772,4,BS,rural,E,B.pascuorum,3.55,5.95,2.66,8.61,2.43,10.54,2.97,3.85,1.08
06_BSRE_p,0,1,BS,rural,E,B.lapidarius,3.35,6.51,2.63,9.14,2.73,9.91,2.96,3.25,0.97
06_BSRF_l,0,1,BS,rural,F,B.pascuorum,3.29,5.47,2.39,7.86,2.39,10.42,3.17,3.62,1.1
06_BSRF_p,0.6816801604912907,2,BS,rural,F,B.lapidarius,2.52,5.32,2.27,7.59,3.01,8.14,3.23,2.76,1.1
06_BSUA_l,1.660458117686724,9,BS,urban,A,B.pascuorum,3.24,5.37,2.38,7.75,2.39,9.98,3.08,3.35,1.03
06_BSUA_p,0,1,BS,urban,A,B.lapidarius,2.81,4.26,2.18,6.44,2.29,8.81,3.14,2.86,1.02
06_BSUB_l,0.21258761211379543,4,BS,urban,B,B.pascuorum,3.06,4.5,1.99,6.49,2.12,9.04,2.95,3.12,1.02
06_BSUB_p,0.6116740586990709,6,BS,urban,B,B.lapidarius,2.76,5.54,2.32,7.86,2.85,8.72,3.16,2.77,1
06_BSUC_l,1.232253615283714,6,BS,urban,C,B.pascuorum,3.51,5.79,2.37,8.16,2.32,10.93,3.11,3.7,1.05
06_BSUC_p,0.7743221599568533,8,BS,urban,C,B.lapidarius,2.6,3.6,2.12,5.72,2.2,8.18,3.15,2.5,0.96
06_ZHRD_l,0.9559001300585794,4,ZH,rural,D,B.pascuorum,3.39,5.52,2.32,7.84,2.31,9.72,2.87,3.34,0.99
06_ZHRD_p,0.4973220708703856,3,ZH,rural,D,B.lapidarius,3.61,6.4,2.7,9.1,2.52,10.42,2.89,3.83,1.06
06_ZHRE_l,1.4025483876085418,8,ZH,rural,E,B.pascuorum,3.68,5.75,2.5,8.25,2.24,11.06,3.01,3.78,1.03
06_ZHRE_p,0,1,ZH,rural,E,B.lapidarius,3.39,7.04,2.85,9.89,2.92,10.83,3.19,3.6,1.06
06_ZHRF_l,0.7956388078349268,3,ZH,rural,F,B.pascuorum,4,5.74,2.63,8.37,2.09,11.94,2.99,4,1
06_ZHRF_p,0,1,ZH,rural,F,B.lapidarius,3.3,6.97,2.72,9.69,2.94,10.57,3.2,3.62,1.1
06_ZHUA_l,0.9956929562563388,6,ZH,urban,A,B.pascuorum,3.29,5.04,2.21,7.25,2.2,9.6,2.92,3.04,0.92
06_ZHUA_p,1.1376114230574808,5,ZH,urban,A,B.lapidarius,3.37,6.41,1.76,8.17,2.42,9.96,2.96,2.86,0.85
06_ZHUB_l,1.968805391096188,10,ZH,urban,B,B.pascuorum,3.48,5.13,2.23,7.36,2.11,9.73,2.8,3.45,0.99
06_ZHUB_p,0.5704719811366751,2,ZH,urban,B,B.lapidarius,3.48,7.39,2.93,10.32,2.97,12,3.45,3.9,1.12
06_ZHUC_l,0.8269826025686988,7,ZH,urban,C,B.pascuorum,3.12,3.66,2.1,5.76,1.85,9.6,3.08,3.21,1.03
06_ZHUC_p,0.09075449442986369,2,ZH,urban,C,B.lapidarius,3.39,6.95,2.77,9.72,2.87,10.38,3.06,3.36,0.99
07_2_BERD_p,0,1,BE,rural,D,B.lapidarius,3.23,6.37,2.6,8.97,2.78,10.33,3.2,3.47,1.07
07_BERD_l,0.10488919840654225,2,BE,rural,D,B.pascuorum,3.56,5.81,2.6,8.41,2.36,10.96,3.08,3.73,1.05
07_BEUA_p,0.9527229953124984,5,BE,urban,A,B.lapidarius,3.37,4.8,2.79,7.59,2.25,10.86,3.22,3.31,0.98
07_BEUB_l,1.1372247915574223,5,BE,urban,B,B.pascuorum,3.05,4.75,2.12,6.87,2.25,8.93,2.93,3.16,1.04
07_BEUB_p,0.25869705322186987,4,BE,urban,B,B.lapidarius,2.87,4.67,2.01,6.68,2.33,7.66,2.67,2.35,0.82
07_BEUC_l,1.9467405487204639,11,BE,urban,C,B.pascuorum,2.87,4.52,1.91,6.43,2.24,8.79,3.06,2.86,1
07_BEUC_p,0.17954621295600043,2,BE,urban,C,B.lapidarius,2.96,5.6,2.3,7.9,2.67,8.95,3.02,2.95,1
07_BSRD_l,0.3068870538663792,2,BS,rural,D,B.pascuorum,3.78,6.04,2.59,8.63,2.28,11.2,2.96,3.92,1.04
07_BSRD_p,0.8726731418198149,4,BS,rural,D,B.lapidarius,3.56,7.48,3.01,10.49,2.95,11.29,3.17,3.93,1.1
07_BSRE_l,0,1,BS,rural,E,B.pascuorum,3.49,5.08,2.24,7.32,2.1,9.74,2.79,3.5,1
07_BSRE_p,0.6512014075211013,3,BS,rural,E,B.lapidarius,4.38,8.67,3.45,12.12,2.77,12.35,2.82,4.41,1.01
07_BSRF_l,0,1,BS,rural,F,B.pascuorum,3.55,5.55,2.42,7.97,2.25,10.31,2.9,3.65,1.03
07_BSRF_p,0.8968766069675512,5,BS,rural,F,B.lapidarius,2.88,5.45,2.34,7.79,2.7,8.39,2.91,2.86,0.99
07_BSUA_l,1.110465389357021,4,BS,urban,A,B.pascuorum,3.21,5.37,2.26,7.63,2.38,10.05,3.13,3.43,1.07
07_BSUA_p,0.10637146834277685,2,BS,urban,A,B.lapidarius,2.89,5.93,2.29,8.22,2.84,9.96,3.45,3.19,1.1
07_BSUB_l,1.6202997660788774,8,BS,urban,B,B.pascuorum,3.33,5.22,2.38,7.6,2.28,10.57,3.17,3.57,1.07
07_BSUB_p,0.9498570877331362,4,BS,urban,B,B.lapidarius,3.15,6.74,2.66,9.4,2.98,10.36,3.29,3.68,1.17
07_BSUC_l,0.5385370056204188,3,BS,urban,C,B.pascuorum,2.98,4.78,2.22,7,2.35,9.14,3.07,3.09,1.04
07_BSUC_p,0.9169235983757749,10,BS,urban,C,B.lapidarius,3.36,6.77,2.62,9.39,2.79,10.33,3.07,3.21,0.96
07_ZHRD_l,1.2420164795557411,6,ZH,rural,D,B.pascuorum,3.46,5.27,2.1,7.37,2.13,10.13,2.93,3.46,1
07_ZHRD_p,1.51400539701353,9,ZH,rural,D,B.lapidarius,3.52,4.81,2.55,7.36,2.09,10.22,2.9,3.22,0.91
07_ZHRE_l,1.8571377570830536,10,ZH,rural,E,B.pascuorum,3.25,5.06,2.32,7.38,2.27,9.81,3.02,3.37,1.04
07_ZHRE_p,0.691870859755174,2,ZH,rural,E,B.lapidarius,4.02,8.06,3.18,11.24,2.8,12.3,3.06,4.39,1.09
07_ZHRF_l,0.28411897841957545,3,ZH,rural,F,B.pascuorum,3.14,5.28,2.27,7.55,2.4,9.77,3.11,3.23,1.03
07_ZHRF_p,0,1,ZH,rural,F,B.lapidarius,3.27,6.59,2.64,9.23,2.82,9.85,3.01,3.41,1.04
07_ZHUA_l,1.6701156164557365,7,ZH,urban,A,B.pascuorum,3.4,4.54,2.42,6.96,2.05,10.68,3.14,3.4,1
07_ZHUA_p,0.3644048495063567,4,ZH,urban,A,B.lapidarius,3.68,6.73,2.38,9.11,2.48,11.41,3.1,3.7,1.01
07_ZHUB_l,0.8617927831895655,5,ZH,urban,B,B.pascuorum,3.15,4.51,1.98,6.49,2.06,8.84,2.81,2.91,0.92
07_ZHUB_p,0.07907528935916336,2,ZH,urban,B,B.lapidarius,2.98,5.16,2.37,7.53,2.53,9.58,3.21,2.47,0.83
07_ZHUC_l,0.2516085725575121,4,ZH,urban,C,B.pascuorum,2.89,4.67,2.01,6.68,2.31,9.15,3.17,3.13,1.08
07_ZHUC_p,0,1,ZH,urban,C,B.lapidarius,2.8,5.94,2.28,8.22,2.94,9.33,3.33,3.03,1.08
08_2_BERD_p,0,1,BE,rural,D,B.lapidarius,3.64,7.18,2.77,9.95,2.73,11,3.02,3.9,1.07
08_BERD_l,0.14912550812719236,2,BE,rural,D,B.pascuorum,3.32,5.64,2.54,8.18,2.46,10.63,3.2,3.68,1.11
08_BEUA_p,1.0403453078872147,6,BE,urban,A,B.lapidarius,3.84,7.74,2.76,10.5,2.73,11.53,3,3.63,0.95
08_BEUB_l,1.2925529993236016,7,BE,urban,B,B.pascuorum,3.12,5.04,2.17,7.21,2.31,9.43,3.02,3.11,1
08_BEUB_p,1.8879290068510781,13,BE,urban,B,B.lapidarius,3.18,6.37,2.56,8.93,2.81,10,3.14,3.25,1.02
08_BEUC_l,0.5362599616344742,3,BE,urban,C,B.pascuorum,3.29,5.47,2.43,7.9,2.4,10.45,3.18,3.44,1.05
08_BEUC_p,0.3182823920543083,4,BE,urban,C,B.lapidarius,3.38,6.25,2.81,9.06,2.68,10.76,3.18,3.41,1.01
08_BSRD_l,0,1,BS,rural,D,B.pascuorum,3.4,5.48,2.37,7.85,2.31,10.07,2.96,3.52,1.04
08_BSRD_p,0.7398362402345013,4,BS,rural,D,B.lapidarius,3.97,6.93,2.85,9.78,2.46,10.88,2.74,3.69,0.93
08_BSRE_l,0.8230521797857474,4,BS,rural,E,B.pascuorum,2.98,4.75,2.17,6.92,2.32,9.07,3.04,3.16,1.06
08_BSRE_p,0.12468446236218474,2,BS,rural,E,B.lapidarius,4.04,7.77,2.98,10.75,2.66,11.15,2.76,3.92,0.97
08_BSRF_l,0.07663232367272035,2,BS,rural,F,B.pascuorum,3.38,5.89,2.5,8.39,2.48,10.18,3.01,3.59,1.06
08_BSRF_p,1.285933723689026,5,BS,rural,F,B.lapidarius,2.62,5.41,2.21,7.62,2.91,8.2,3.13,3.16,1.21
08_BSUA_l,1.2490982034861875,6,BS,urban,A,B.pascuorum,3.46,5.46,2.34,7.8,2.25,10.46,3.02,3.49,1.01
08_BSUA_p,0.0592439472455131,2,BS,urban,A,B.lapidarius,2.53,5.5,2.16,7.66,3.03,9.22,3.64,2.85,1.13
08_BSUB_l,0.2775262111211215,3,BS,urban,B,B.pascuorum,3.08,4.6,2.13,6.73,2.19,9.32,3.03,3.3,1.07
08_BSUB_p,0.1940431751531534,3,BS,urban,B,B.lapidarius,3.01,5.7,2.39,8.09,2.69,9.17,3.05,3.05,1.01
08_BSUC_l,0.21004597832352534,2,BS,urban,C,B.pascuorum,3.34,5.48,2.43,7.91,2.37,10.35,3.1,3.55,1.06
08_BSUC_p,0.9727550458161142,7,BS,urban,C,B.lapidarius,2.99,5.89,2.39,8.28,2.77,9.56,3.2,3.19,1.07
08_ZHRD_l,1.7112028327462858,9,ZH,rural,D,B.pascuorum,4.22,6.49,2.64,9.13,2.16,11.62,2.75,3.86,0.91
08_ZHRD_p,0.18031351627388414,2,ZH,rural,D,B.lapidarius,3.19,6.39,2.52,8.91,2.79,9.7,3.04,3.12,0.98
08_ZHRE_l,1.5296910875391079,10,ZH,rural,E,B.pascuorum,3.56,5.12,2.41,7.53,2.12,10.04,2.82,3.52,0.99
08_ZHRE_p,0.73560300453936045,6,ZH,rural,E,B.lapidarius,2.81,3.7,2.22,5.92,2.11,8.92,3.17,3.07,1.09
08_ZHRF_l,0.3838181370747988,4,ZH,rural,F,B.pascuorum,3.51,5.64,2.44,8.08,2.3,10.88,3.1,3.53,1.01
08_ZHRF_p,0.07145046095195916,2,ZH,rural,F,B.lapidarius,3.32,6.94,2.75,9.69,2.92,10.46,3.15,3.58,1.08
08_ZHUA_l,0.5239505187329137,4,ZH,urban,A,B.pascuorum,3.31,5.12,2.1,7.22,2.18,10.3,3.11,3.53,1.07
08_ZHUA_p,1.721287959435975,10,ZH,urban,A,B.lapidarius,3.07,6.21,2.45,8.66,2.82,9.39,3.06,3.15,1.03
08_ZHUB_l,0,1,ZH,urban,B,B.pascuorum,4.47,5.78,2.34,8.12,1.82,10.26,2.3,3.5,0.78
08_ZHUB_p,1.2395524679357266,4,ZH,urban,B,B.lapidarius,3.25,4.54,2.62,7.16,2.2,10.36,3.19,3.18,0.98
08_ZHUC_l,0.3189297552519049,3,ZH,urban,C,B.pascuorum,3.64,4.58,2.49,7.07,1.94,11,3.02,3.96,1.09
08_ZHUC_p,0,1,ZH,urban,C,B.lapidarius,3.11,6.71,2.57,9.28,2.98,10.05,3.23,3.49,1.12
09_2_BERD_p,0.1086739030125029,2,BE,rural,D,B.lapidarius,3.65,7.55,2.92,10.47,2.87,11.21,3.07,3.85,1.05
09_BERD_l,0.12580351159287373,2,BE,rural,D,B.pascuorum,3.77,5.69,2.46,8.15,2.16,10.95,2.9,3.93,1.04
09_BEUA_p,0.5312347628722547,4,BE,urban,A,B.lapidarius,2.69,5.54,2.22,7.76,2.88,8.41,3.13,2.81,1.04
09_BEUB_l,0.06135915013898786,2,BE,urban,B,B.pascuorum,3.18,5.19,2.19,7.38,2.32,9.72,3.06,3.35,1.05
09_BEUB_p,0.25777457891298466,5,BE,urban,B,B.lapidarius,3.42,7.25,2.84,10.09,2.95,10.73,3.14,3.5,1.02
09_BEUC_l,0.6917078633049202,6,BE,urban,C,B.pascuorum,3.13,5.02,2.21,7.23,2.31,9.6,3.07,3.23,1.03
09_BEUC_p,0,1,BE,urban,C,B.lapidarius,3.36,6.93,2.81,9.74,2.9,10.54,3.14,3.3,0.98
09_BSRD_l,0,1,BS,rural,D,B.pascuorum,4.24,6.6,2.82,9.42,2.22,12.36,2.92,4.36,1.03
09_BSRD_p,0.12311530711002477,2,BS,rural,D,B.lapidarius,3.22,6.6,2.61,9.21,2.86,10.07,3.13,3.4,1.06
09_BSRE_l,1.0384710336943057,5,BS,rural,E,B.pascuorum,3.46,5.6,2.44,8.04,2.32,10.59,3.06,3.58,1.03
09_BSRE_p,0.07189973599417192,2,BS,rural,E,B.lapidarius,3.17,6.57,2.5,9.07,2.86,9.11,2.87,3.19,1.01
09_BSRF_l,0.20894012778774465,2,BS,rural,F,B.pascuorum,3.89,5.72,2.51,8.23,2.12,10.95,2.81,3.85,0.99
09_BSRF_p,1.2065882120898863,8,BS,rural,F,B.lapidarius,3.08,5.95,2.54,8.49,2.76,9.51,3.09,3.39,1.1
09_BSUA_l,1.4472369345191027,8,BS,urban,A,B.pascuorum,3.08,4.82,2.02,6.84,2.22,9.35,3.04,2.97,0.96
09_BSUA_p,0.058417974740742326,2,BS,urban,A,B.lapidarius,2.68,3.84,2.18,6.02,2.25,8.54,3.19,2.72,1.01
09_BSUB_l,1.1584742221900985,5,BS,urban,B,B.pascuorum,3.14,4.88,2.26,7.14,2.27,9.86,3.14,3.3,1.05
09_BSUB_p,0.9033850844630282,4,BS,urban,B,B.lapidarius,3.02,5.9,2.45,8.35,2.76,9.22,3.05,3.07,1.02
09_BSUC_l,0.06265383438208907,2,BS,urban,C,B.pascuorum,2.64,4.29,1.95,6.24,2.36,8.2,3.11,2.76,1.05
09_BSUC_p,0.6894503902382546,6,BS,urban,C,B.lapidarius,2.53,5.15,2.14,7.29,2.88,8.35,3.3,2.63,1.04
09_ZHRD_l,1.3773635870871188,6,ZH,rural,D,B.pascuorum,3.4,4.15,2.23,6.38,1.88,9.79,2.88,3.41,1
09_ZHRD_p,0.4897761324758241,3,ZH,rural,D,B.lapidarius,3.91,7.47,2.83,10.3,2.63,11.35,2.9,3.68,0.94
09_ZHRE_l,1.4610040171193046,8,ZH,rural,E,B.pascuorum,3.17,4.73,2.38,7.11,2.24,10.16,3.21,3.35,1.06
09_ZHRE_p,0.10120559767625452,2,ZH,rural,E,B.lapidarius,3,5.72,2.39,8.11,2.7,8.89,2.96,3.17,1.06
09_ZHRF_l,0.057569171926125345,2,ZH,rural,F,B.pascuorum,3.11,5.31,2.27,7.58,2.44,10.04,3.23,3.23,1.04
09_ZHRF_p,0,1,ZH,rural,F,B.lapidarius,3.42,6.31,2.64,8.95,2.62,10.57,3.09,3.54,1.04
09_ZHUA_l,1.4262600623954782,6,ZH,urban,A,B.pascuorum,3.67,5.93,2.49,8.42,2.29,11.43,3.11,4.02,1.1
09_ZHUA_p,0.13707435213783073,2,ZH,urban,A,B.lapidarius,3.44,4.79,2.65,7.44,2.16,10.31,3,3.43,1
09_ZHUB_l,1.4912541531256047,8,ZH,urban,B,B.pascuorum,3.23,4.96,2.27,7.23,2.24,9.61,2.98,3.31,1.02
09_ZHUB_p,0.8822701305727586,6,ZH,urban,B,B.lapidarius,3.1,6.37,2.52,8.89,2.87,10.14,3.27,3.11,1
09_ZHUC_l,1.1099694512765663,6,ZH,urban,C,B.pascuorum,3.45,5.43,2.37,7.8,2.26,10.59,3.07,3.74,1.08
09_ZHUC_p,0.8865533444129833,4,ZH,urban,C,B.lapidarius,3.62,7.41,2.81,10.22,2.82,11.26,3.11,3.82,1.06
10_2_BERD_p,0.5385618298277814,2,BE,rural,D,B.lapidarius,3.37,7.09,2.72,9.81,2.91,10.6,3.15,3.62,1.07
10_BERD_l,0.20111134720429052,3,BE,rural,D,B.pascuorum,3.02,4.93,2.31,7.24,2.4,9.73,3.22,3.22,1.07
10_BEUA_p,0,1,BE,urban,A,B.lapidarius,3.42,7.28,2.8,10.08,2.95,11.19,3.27,3.69,1.08
10_BEUB_l,1.2074447362603717,5,BE,urban,B,B.pascuorum,3.79,5.68,2.36,8.04,2.12,10.96,2.89,3.79,1
10_BEUB_p,1.6109951971456284,8,BE,urban,B,B.lapidarius,2.62,5.21,2.19,7.4,2.82,8.11,3.1,2.69,1.03
10_BEUC_l,1.569020733227366,7,BE,urban,C,B.pascuorum,2.89,4.57,2.02,6.59,2.28,8.79,3.04,2.96,1.02
10_BEUC_p,0.34577526905076444,4,BE,urban,C,B.lapidarius,3.14,6.16,2.52,8.68,2.76,9.59,3.05,3.19,1.02
10_BSRD_l,0.1922757674270444,2,BS,rural,D,B.pascuorum,3.48,5.51,2.48,7.99,2.3,10.38,2.98,3.63,1.04
10_BSRD_p,0,1,BS,rural,D,B.lapidarius,2.92,5.95,2.46,8.41,2.88,9.36,3.21,3.34,1.14
10_BSRE_l,0.7450071692779328,5,BS,rural,E,B.pascuorum,3.62,6.05,2.63,8.68,2.4,11.01,3.04,3.82,1.06
10_BSRE_p,0,1,BS,rural,E,B.lapidarius,3.35,7.09,2.77,9.86,2.94,10.41,3.11,3.63,1.08
10_BSRF_l,0.12498467885460798,2,BS,rural,F,B.pascuorum,3.97,6.11,2.66,8.77,2.21,11.32,2.85,3.82,0.96
10_BSRF_p,0.5135389592174019,3,BS,rural,F,B.lapidarius,3.15,6.06,2.52,8.58,2.72,9.22,2.93,3.29,1.04
10_BSUA_l,0.06533180615192191,2,BS,urban,A,B.pascuorum,3.72,5.94,2.54,8.48,2.28,11.48,3.09,3.93,1.06
10_BSUA_p,1.4575914478251892,8,BS,urban,A,B.lapidarius,3.01,4.71,2.48,7.19,2.39,10.2,3.39,3.22,1.07
10_BSUB_l,0.8008725760703767,5,BS,urban,B,B.pascuorum,2.58,4.38,2.01,6.39,2.48,8.49,3.29,2.89,1.12
10_BSUB_p,0.14759459390405133,3,BS,urban,B,B.lapidarius,2.63,5.06,2.11,7.17,2.73,8.22,3.13,2.8,1.06
10_BSUC_l,0,1,BS,urban,C,B.pascuorum,3.09,4.88,2.1,6.98,2.26,9.42,3.05,3.18,1.03
10_BSUC_p,0.33827247333444715,3,BS,urban,C,B.lapidarius,3.18,6.4,2.56,8.96,2.82,9.85,3.1,3.01,0.95
10_ZHRD_l,0.10092265624603236,2,ZH,rural,D,B.pascuorum,3.78,5.47,2.33,7.8,2.06,10.35,2.74,3.58,0.95
10_ZHRD_p,0.8324201866147944,4,ZH,rural,D,B.lapidarius,3.48,6.75,2.41,9.16,2.63,9.9,2.84,3.41,0.98
10_ZHRE_l,1.3932169767345648,9,ZH,rural,E,B.pascuorum,3.6,5.92,2.46,8.38,2.33,11.14,3.09,3.82,1.06
10_ZHRE_p,1.04185800979194,6,ZH,rural,E,B.lapidarius,2.91,6.02,2.45,8.47,2.91,9.41,3.23,3.31,1.14
10_ZHRF_l,0.34017804035198324,3,ZH,rural,F,B.pascuorum,3.51,5.65,2.47,8.12,2.31,11.03,3.14,3.6,1.03
10_ZHRF_p,0,1,ZH,rural,F,B.lapidarius,3.37,6.86,2.73,9.59,2.85,10.16,3.01,3.52,1.04
10_ZHUA_l,2.3083551895224756,15,ZH,urban,A,B.pascuorum,3.79,6.28,2.61,8.89,2.35,11.6,3.06,3.84,1.01
10_ZHUA_p,0.609629902278578,4,ZH,urban,A,B.lapidarius,3.8,7.05,2.85,9.9,2.61,10.65,2.8,3.55,0.93
10_ZHUB_l,0.6123584863881969,4,ZH,urban,B,B.pascuorum,3.63,5.52,2.43,7.95,2.19,11.5,3.17,3.46,0.95
10_ZHUB_p,0.26931805493770555,3,ZH,urban,B,B.lapidarius,3.26,6.92,2.71,9.63,2.95,10.47,3.21,3.59,1.1
10_ZHUC_l,0.28932009687311533,4,ZH,urban,C,B.pascuorum,3.02,4.54,2.11,6.65,2.2,8.85,2.93,2.92,0.97
10_ZHUC_p,0.4955040351841134,7,ZH,urban,C,B.lapidarius,3.16,6.21,2.53,8.74,2.77,9.68,3.2,3.27,1.03
11_2_BERD_p,0,1,BE,rural,D,B.lapidarius,3.55,7.69,2.97,10.66,3,11.49,3.24,3.87,1.09
11_BERD_l,0.25695343286542344,3,BE,rural,D,B.pascuorum,3.24,5.42,2.46,7.88,2.43,10.52,3.25,3.65,1.13
11_BEUA_p,0.16284974253468973,2,BE,urban,A,B.lapidarius,3.49,6.92,2.71,9.63,2.76,10.76,3.08,3.36,0.96
11_BEUB_p,0.23628834641420554,2,BE,urban,B,B.lapidarius,3.2,6.52,2.78,9.3,2.91,10.06,3.14,3.4,1.06
11_BEUC_l,1.8153662180357097,9,BE,urban,C,B.pascuorum,3.39,5.34,2.4,7.74,2.28,10.47,3.09,3.53,1.04
11_BEUC_p,1.0591565009877566,4,BE,urban,C,B.lapidarius,3.18,5.89,2.36,8.25,2.59,9.07,2.85,2.92,0.92
11_BSRD_l,0,1,BS,rural,D,B.pascuorum,3.61,5.78,2.52,8.3,2.3,10.67,2.96,3.72,1.03
11_BSRD_p,0.13984338763589377,3,BS,rural,D,B.lapidarius,3.12,6.28,2.54,8.82,2.83,9.65,3.09,3.43,1.1
11_BSRE_l,1.0941140194332055,5,BS,rural,E,B.pascuorum,3.43,5.33,2.29,7.62,2.22,9.51,2.77,3.5,1.02
11_BSRE_p,0.07301431907744985,2,BS,rural,E,B.lapidarius,3.16,6.45,2.48,8.93,2.83,9.35,2.96,3.21,1.02
11_BSRF_l,0.10455493812684523,2,BS,rural,F,B.pascuorum,3.45,5.4,2.38,7.78,2.26,10.2,2.96,3.6,1.04
11_BSRF_p,1.138097847781816,6,BS,rural,F,B.lapidarius,3.16,6.18,2.61,8.79,2.78,9.74,3.08,3.44,1.09
11_BSUA_l,1.067133296507126,5,BS,urban,A,B.pascuorum,3.32,5.69,2.44,8.13,2.45,10.99,3.31,3.7,1.11
11_BSUA_p,0.9125695273750418,5,BS,urban,A,B.lapidarius,2.68,5.59,2.17,7.76,2.9,8.68,3.24,3.04,1.13
11_BSUB_l,0.5047314968228351,4,BS,urban,B,B.pascuorum,3.15,5.18,2.36,7.54,2.39,9.42,2.99,3.3,1.05
11_BSUB_p,0.5708209729450209,2,BS,urban,B,B.lapidarius,2.72,5.56,2.33,7.89,2.9,9.11,3.35,2.98,1.1
11_BSUC_l,1.6956628364705653,10,BS,urban,C,B.pascuorum,3.07,4.67,2.1,6.77,2.21,9.15,2.98,3.2,1.04
11_BSUC_p,0.24278309827087846,3,BS,urban,C,B.lapidarius,3.03,5.34,2.55,7.89,2.6,9.98,3.29,3.24,1.07
11_ZHRD_l,0.8821506917675656,6,ZH,rural,D,B.pascuorum,3.17,5.09,2.16,7.25,2.29,9.56,3.02,3.11,0.98
11_ZHRD_p,0.9168136462852132,5,ZH,rural,D,B.lapidarius,3.6,6.92,2.72,9.64,2.68,10.51,2.92,3.51,0.98
11_ZHRE_l,1.1006366514172687,4,ZH,rural,E,B.pascuorum,3.69,6.18,2.64,8.82,2.39,11.67,3.16,4.01,1.09
11_ZHRE_p,0,1,ZH,rural,E,B.lapidarius,3.36,7.08,2.87,9.95,2.96,10.64,3.17,3.88,1.15
11_ZHRF_l,1.019478150462139,7,ZH,rural,F,B.pascuorum,3.33,5.68,2.38,8.06,2.42,10.52,3.16,3.64,1.09
11_ZHRF_p,1.3246111439395798,7,ZH,rural,F,B.lapidarius,3.48,7.18,2.84,10.02,2.88,10.83,3.11,3.8,1.09
11_ZHUA_l,2.3315061918684648,15,ZH,urban,A,B.pascuorum,3.72,6.02,2.55,8.57,2.3,11.34,3.05,3.63,0.98
11_ZHUA_p,1.3583521207841838,6,ZH,urban,A,B.lapidarius,3.37,6.84,2.62,9.46,2.81,10.36,3.07,3.51,1.04
11_ZHUB_l,0,1,ZH,urban,B,B.pascuorum,3.23,4.75,1.24,5.99,1.85,9.88,3.06,3.41,1.06
11_ZHUB_p,0.25851300369474195,4,ZH,urban,B,B.lapidarius,3.29,6.5,2.62,9.12,2.77,10.48,3.19,3.57,1.09
11_ZHUC_l,0,1,ZH,urban,C,B.pascuorum,3.41,5.52,2.32,7.84,2.3,10.05,2.95,3.32,0.97
11_ZHUC_p,1.800070057863091,8,ZH,urban,C,B.lapidarius,3.46,7,2.68,9.68,2.8,10.68,3.09,3.62,1.05
12_2_BERD_p,0.2723642793046692,3,BE,rural,D,B.lapidarius,3.95,8.08,3.09,11.17,2.83,12.11,3.07,4.16,1.05
12_BERD_l,0.6140134389311948,2,BE,rural,D,B.pascuorum,3.15,5.06,2.42,7.48,2.37,9.38,2.98,3.34,1.06
12_BEUA_p,1.5814962564792892,9,BE,urban,A,B.lapidarius,3.69,7.75,2.86,10.61,2.88,11.89,3.22,3.9,1.06
12_BEUB_l,1.6035316239359345,10,BE,urban,B,B.pascuorum,3.32,5.4,2.48,7.88,2.37,10.37,3.12,3.59,1.08
12_BEUB_p,1.7861967315583847,11,BE,urban,B,B.lapidarius,2.99,5.9,2.35,8.25,2.76,8.9,2.98,3.02,1.01
12_BEUC_l,1.5561230142395226,7,BE,urban,C,B.pascuorum,3.3,5.24,2.37,7.61,2.31,10.01,3.03,3.47,1.05
12_BEUC_p,0.3521327266881076,4,BE,urban,C,B.lapidarius,3.13,6.8,2.68,9.48,3.03,10.28,3.28,3.26,1.04
12_BSRD_l,0.06667315734746716,2,BS,rural,D,B.pascuorum,3.71,5.81,2.08,7.89,2.13,11.56,3.12,4.03,1.09
12_BSRD_p,1.0730873758255255,7,BS,rural,D,B.lapidarius,3.21,6.63,2.56,9.19,2.86,9.92,3.09,3.33,1.04
12_BSRE_l,0.88180866025356,5,BS,rural,E,B.pascuorum,3.78,5.73,2.45,8.18,2.16,10.88,2.88,3.85,1.02
12_BSRE_p,0,1,BS,rural,E,B.lapidarius,3.35,6.48,2.68,9.16,2.73,10,2.99,3.39,1.01
12_BSRF_l,1.0713158778054468,6,BS,rural,F,B.pascuorum,3.62,5.81,2.51,8.32,2.3,10.88,3.01,3.91,1.08
12_BSRF_p,0.2954415937010667,3,BS,rural,F,B.lapidarius,3.22,6.53,2.62,9.15,2.84,9.95,3.09,3.2,0.99
12_BSUA_l,0.4409470659441202,3,BS,urban,A,B.pascuorum,3.16,4.8,2.34,7.14,2.26,10.07,3.19,3.54,1.12
12_BSUA_p,1.257706715065616,8,BS,urban,A,B.lapidarius,2.69,4.15,2.2,6.35,2.36,8.8,3.27,2.71,1.01
12_BSUB_l,1.8446325950508926,10,BS,urban,B,B.pascuorum,3.56,5.93,2.49,8.42,2.37,11.46,3.22,3.93,1.1
12_BSUB_p,1.046623744499829,6,BS,urban,B,B.lapidarius,3.62,7.43,2.66,10.09,2.79,10.97,3.03,3.85,1.06
12_BSUC_l,0.7193232534923797,4,BS,urban,C,B.pascuorum,2.74,4.42,1.86,6.28,2.29,8.33,3.04,2.66,0.97
12_BSUC_p,0.1616776420747259,3,BS,urban,C,B.lapidarius,2.84,5.94,2.37,8.31,2.93,9.23,3.25,2.95,1.04
12_ZHRD_l,0.29455330297405324,2,ZH,rural,D,B.pascuorum,3.6,5.6,2.43,8.03,2.23,10.65,2.96,3.33,0.93
12_ZHRD_p,1.5604947591471334,8,ZH,rural,D,B.lapidarius,3.17,6.07,2.38,8.45,2.67,9.49,2.99,2.97,0.94
12_ZHRE_l,1.2532362671939583,8,ZH,rural,E,B.pascuorum,3.46,5.7,2.47,8.17,2.36,10.51,3.04,3.63,1.05
12_ZHRE_p,0,1,ZH,rural,E,B.lapidarius,3.35,6.67,2.69,9.36,2.79,10.22,3.05,3.55,1.06
12_ZHRF_l,0.2532517006797536,2,ZH,rural,F,B.pascuorum,3.63,6.15,2.6,8.75,2.41,11.43,3.15,3.84,1.06
12_ZHRF_p,0,1,ZH,rural,F,B.lapidarius,3.67,7.54,2.9,10.44,2.84,11.31,3.08,3.92,1.07
12_ZHUA_l,1.7075555443803074,7,ZH,urban,A,B.pascuorum,3.2,4.71,2.14,6.85,2.14,9.74,3.04,3.16,0.99
12_ZHUA_p,0.5169667494935978,4,ZH,urban,A,B.lapidarius,2.8,6.07,2.25,8.32,2.97,9.05,3.23,2.96,1.06
12_ZHUB_l,1.021660737649691,6,ZH,urban,B,B.pascuorum,3.55,5.42,2.63,8.05,2.27,10.38,2.92,3.44,0.97
12_ZHUB_p,0.8463124172116275,5,ZH,urban,B,B.lapidarius,4.14,7.27,3,10.27,2.48,12,2.9,3.97,0.96
12_ZHUC_l,0.06514501454004523,2,ZH,urban,C,B.pascuorum,3.12,4.83,2.18,7.01,2.25,8.66,2.78,3.02,0.97
12_ZHUC_p,1.3694728434597903,7,ZH,urban,C,B.lapidarius,3.04,6.66,2.6,9.26,3.05,10.17,3.35,3.31,1.09
13_BERD_l,0.12148328946250775,2,BE,rural,D,B.pascuorum,3.21,5.29,2.29,7.58,2.36,10.27,3.2,3.62,1.13
13_BERD_p,0.14990100654542435,2,BE,rural,D,B.lapidarius,4.32,8.28,3.3,11.58,2.68,12.64,2.93,4.4,1.02
13_BEUA_p,0.8124266703254298,4,BE,urban,A,B.lapidarius,3.54,7.74,3.01,10.75,3.04,11.48,3.24,3.74,1.06
13_BEUB_l,0.8654970436964234,5,BE,urban,B,B.pascuorum,3.53,5.25,2.37,7.62,2.16,10.32,3.51,3.51,0.99
13_BEUB_p,0,1,BE,urban,B,B.lapidarius,3.06,6.73,2.57,9.3,3.04,10.24,3.35,3.45,1.13
13_BEUC_l,0.45938300722943026,4,BE,urban,C,B.pascuorum,3.54,5.82,2.55,8.37,2.36,10.8,3.05,3.65,1.03
13_BEUC_p,0.24020081374105237,2,BE,urban,C,B.lapidarius,3.05,5.96,2.47,8.43,2.76,9.85,3.23,3.07,1.01
13_BSRD_l,0,1,BS,rural,D,B.pascuorum,3.48,5.49,2.45,7.94,2.28,11.23,3.23,3.59,1.03
13_BSRD_p,0.5678963945306038,4,BS,rural,D,B.lapidarius,3.58,7.43,2.98,10.41,2.91,11.29,3.15,3.77,1.05
13_BSRE_l,0.8711186496377132,3,BS,rural,E,B.pascuorum,3.87,6.6,2.68,9.28,2.4,11.54,2.98,4.22,1.09
13_BSRE_p,0.15349751658376107,3,BS,rural,E,B.lapidarius,2.99,6.09,2.47,8.56,2.86,9.08,3.04,3.13,1.05
13_BSRF_l,0.8990390003376608,7,BS,rural,F,B.pascuorum,3.24,5.25,2.26,7.51,2.32,9.8,3.02,3.47,1.07
13_BSRF_p,0.5032408494243577,3,BS,rural,F,B.lapidarius,3.14,6.27,2.6,8.87,2.82,9.82,3.13,3.41,1.09
13_BSUA_l,1.4108856834714631,5,BS,urban,A,B.pascuorum,3.19,4.91,2.14,7.05,2.21,9.42,2.95,3.04,0.95
13_BSUA_p,0.06288143557266908,2,BS,urban,A,B.lapidarius,3.16,6.05,2.42,8.47,2.68,9.34,2.96,3.21,1.02
13_BSUB_l,1.8059977959027753,8,BS,urban,B,B.pascuorum,3.3,5.57,2.42,7.99,2.42,10.22,3.1,3.61,1.09
13_BSUB_p,1.1656487619505533,6,BS,urban,B,B.lapidarius,2.84,4.16,2.38,6.54,2.3,9.06,3.19,2.96,1.04
13_BSUC_l,1.2817038129841587,7,BS,urban,C,B.pascuorum,3.15,3.52,2.26,5.78,1.83,10,3.17,3.41,1.08
13_BSUC_p,0.5779865503542769,6,BS,urban,C,B.lapidarius,2.89,6.13,2.37,8.5,2.94,9.38,3.25,3.02,1.04
13_ZHRD_l,0.633325861072535,5,ZH,rural,D,B.pascuorum,3.75,5.5,2.41,7.91,2.11,10.26,2.74,3.44,0.92
13_ZHRD_p,0.06417890403389466,2,ZH,rural,D,B.lapidarius,3.16,6.26,2.46,8.72,2.76,9.75,3.09,3.04,0.96
13_ZHRE_l,1.6236418625084328,10,ZH,rural,E,B.pascuorum,3.58,5.69,2.58,8.27,2.31,10.98,3.07,3.77,1.05
13_ZHRE_p,0.18381967360647158,3,ZH,rural,E,B.lapidarius,3.08,6,2.44,8.44,2.74,9.4,3.05,3.37,1.09
13_ZHRF_l,0.18971161859246966,3,ZH,rural,F,B.pascuorum,3.84,5.8,2.51,8.31,2.16,11.41,2.97,3.84,1
13_ZHRF_p,0,1,ZH,rural,F,B.lapidarius,4.04,7.22,2.95,10.17,2.52,11.86,2.94,3.93,0.97
13_ZHUA_l,1.2727978399560207,7,ZH,urban,A,B.pascuorum,3.71,5.55,2.55,8.1,2.18,10.91,2.94,3.41,0.92
13_ZHUA_p,1.46082503547333,10,ZH,urban,A,B.lapidarius,3.84,4.97,2.78,7.75,2.02,11.03,2.87,3.64,0.95
13_ZHUB_l,0.6160016065926682,4,ZH,urban,B,B.pascuorum,3.27,4.98,2.14,7.12,2.18,9.72,2.97,3.22,0.98
13_ZHUB_p,0,1,ZH,urban,B,B.lapidarius,3.68,6.87,2.93,9.8,2.66,10.5,2.85,3.59,0.98
13_ZHUC_l,0,1,ZH,urban,C,B.pascuorum,2.72,4.33,2.05,6.38,2.35,8.7,3.2,2.87,1.06
13_ZHUC_p,2.0323726983474826,12,ZH,urban,C,B.lapidarius,3.02,6.6,2.4,9,2.98,9.84,3.26,3.47,1.15
14_BERD_l,0.2835136014644888,2,BE,rural,D,B.pascuorum,3.38,5.59,2.28,7.87,2.33,10.09,2.99,3.7,1.09
14_BERD_p,0.4320053813966697,2,BE,rural,D,B.lapidarius,3.1,6.64,2.61,9.25,2.98,10.29,3.32,3.4,1.1
14_BEUA_p,0.8754621358380604,5,BE,urban,A,B.lapidarius,2.98,5.82,2.41,8.23,2.76,9.13,3.06,2.92,0.98
14_BEUB_l,0.1285529026823876,2,BE,urban,B,B.pascuorum,3.34,5.55,2.47,8.02,2.4,10.54,3.16,3.58,1.07
14_BEUB_p,1.3680236023839993,6,BE,urban,B,B.lapidarius,3.04,6.06,2.39,8.45,2.78,9.22,3.03,3.1,1.02
14_BEUC_l,1.2497516076948179,7,BE,urban,C,B.pascuorum,3.25,5.3,2.25,7.55,2.32,9.67,2.98,3.38,1.04
14_BEUC_p,0.37730634029428384,3,BE,urban,C,B.lapidarius,3.15,6.09,2.56,8.65,2.75,9.62,3.05,3.09,0.98
14_BSRD_l,0,1,BS,rural,D,B.pascuorum,3.76,6.09,2.68,8.77,2.33,11.4,3.03,3.82,1.02
14_BSRD_p,0,1,BS,rural,D,B.lapidarius,3.5,7.31,2.88,10.19,2.91,11.15,3.19,3.57,1.02
14_BSRE_l,1.0907966336800778,5,BS,rural,E,B.pascuorum,3.37,5.5,2.44,7.94,2.36,10.47,3.11,3.52,1.04
14_BSRE_p,0,1,BS,rural,E,B.lapidarius,3.66,7.38,2.9,10.28,2.81,11.12,3.04,3.77,1.03
14_BSRF_l,0.14243368482527888,3,BS,rural,F,B.pascuorum,3.73,4.71,2.14,6.85,1.84,8.94,2.4,2.96,0.79
14_BSRF_p,1.2325481353861474,5,BS,rural,F,B.lapidarius,3.31,6.51,2.67,9.18,2.77,9.8,2.96,3.26,0.98
14_BSUA_l,0.5986288422862979,4,BS,urban,A,B.pascuorum,3.65,5.74,2.56,8.3,2.27,11,3.01,3.73,1.02
14_BSUA_p,0.3431718381204796,4,BS,urban,A,B.lapidarius,2.54,3.99,2.13,6.12,2.41,8,3.15,2.84,1.12
14_BSUB_l,1.8277628234949208,9,BS,urban,B,B.pascuorum,2.48,5.58,2.52,8.1,3.27,10.8,4.35,3.49,1.41
14_BSUB_p,0.38662525445259427,4,BS,urban,B,B.lapidarius,3.39,7.02,2.67,9.69,2.86,10.45,3.08,3.56,1.05
14_BSUC_l,0.3932275049957454,4,BS,urban,C,B.pascuorum,3.32,5.62,2.51,8.13,2.45,10.9,3.28,3.79,1.14
14_BSUC_p,1.5457187555668712,9,BS,urban,C,B.lapidarius,2.96,5.93,2.37,8.3,2.8,9.23,3.12,2.98,1.01
14_ZHRD_l,0,1,ZH,rural,D,B.pascuorum,3.61,5.35,2.26,7.61,2.11,10.45,2.89,3.47,0.96
14_ZHRD_p,1.3236146914408233,6,ZH,rural,D,B.lapidarius,3.45,7.09,2.76,9.85,2.86,10.91,3.16,3.77,1.09
14_ZHRE_l,0.3200414370182266,4,ZH,rural,E,B.pascuorum,3.22,5.36,2.33,7.69,2.39,10.01,3.11,3.45,1.07
14_ZHRE_p,0,1,ZH,rural,E,B.lapidarius,3.3,6.64,2.68,9.32,2.82,10.21,3.09,3.53,1.07
14_ZHRF_l,0.12954874156440196,3,ZH,rural,F,B.pascuorum,3.34,4.25,2.39,6.64,1.99,10.41,3.12,3.82,1.14
14_ZHRF_p,0,1,ZH,rural,F,B.lapidarius,3.17,6.92,2.65,9.57,3.02,10.59,3.34,3.58,1.13
14_ZHUA_l,1.8459902995129311,11,ZH,urban,A,B.pascuorum,3.59,5.51,2.35,7.86,2.19,10.41,2.9,3.52,0.98
14_ZHUA_p,1.5394841405875999,9,ZH,urban,A,B.lapidarius,3.64,8.18,2.96,11.14,3.06,11.38,3.13,3.83,1.05
14_ZHUB_l,0.8576944120832546,8,ZH,urban,B,B.pascuorum,3.84,5.56,2.44,8,2.08,12,3.13,3.96,1.03
14_ZHUB_p,0,1,ZH,urban,B,B.lapidarius,2.93,6.03,2.38,8.41,2.87,9.62,3.28,3.06,1.04
14_ZHUC_l,0.11394291112846454,2,ZH,urban,C,B.pascuorum,3.22,5.3,2.26,7.56,2.35,9.66,3,3.33,1.03
14_ZHUC_p,1.2643070228916462,8,ZH,urban,C,B.lapidarius,3.74,4.94,2.7,7.64,2.04,10.97,2.93,3.75,1
15_BERD_l,0,1,BE,rural,D,B.pascuorum,3.47,5.74,2.65,8.39,2.42,10.5,3.03,3.67,1.06
15_BERD_p,0.5104661236087497,3,BE,rural,D,B.lapidarius,3.44,7.08,2.81,9.89,2.88,10.91,3.17,3.44,1
15_BEUA_p,0.06669837239401188,2,BE,urban,A,B.lapidarius,3.23,6.77,2.64,9.41,2.91,10.59,3.28,3.29,1.02
15_BEUB_l,0.7937604595829961,4,BE,urban,B,B.pascuorum,3.29,4.96,2.18,7.14,2.17,9.55,2.9,3.18,0.97
15_BEUB_p,1.3924605879197292,7,BE,urban,B,B.lapidarius,2.3,4.75,2.18,6.93,3.01,8.05,3.5,2.68,1.17
15_BEUC_l,1.9819837371855327,10,BE,urban,C,B.pascuorum,3.1,5.1,2.26,7.36,2.37,9.7,3.13,3.12,1.01
15_BEUC_p,0.2109898319329613,3,BE,urban,C,B.lapidarius,3.55,5.11,2.91,8.02,2.26,11.06,3.12,3.7,1.04
15_BSRD_l,0,1,BS,rural,D,B.pascuorum,4.14,6.09,2.52,8.61,2.08,11.34,2.74,3.83,0.93
15_BSRD_p,0,1,BS,rural,D,B.lapidarius,3.59,7.59,2.79,10.38,2.89,10.78,3,3.76,1.05
15_BSRE_l,0.449786244819928,2,BS,rural,E,B.pascuorum,3.44,5.54,2.47,8.01,2.33,10.47,3.04,3.61,1.05
15_BSRE_p,0,1,BS,rural,E,B.lapidarius,3.02,4.59,2.48,7.07,2.34,9.52,3.15,3.17,1.05
15_BSRF_l,0.642288832903366,3,BS,rural,F,B.pascuorum,3.62,5.87,2.53,8.4,2.32,10.98,3.03,3.8,1.05
15_BSRF_p,1.5799656621550495,8,BS,rural,F,B.lapidarius,3.25,6.95,2.8,9.75,3,10.54,3.24,3.57,1.1
15_BSUA_l,0.17166420205371935,2,BS,urban,A,B.pascuorum,3.46,5.56,2.41,7.97,2.3,10.89,3.15,3.67,1.06
15_BSUA_p,0.8155254534736184,4,BS,urban,A,B.lapidarius,2.96,6.65,2.53,9.18,3.1,10.71,3.62,3.47,1.17
15_BSUB_l,0.8672678037031487,5,BS,urban,B,B.pascuorum,3.22,5.49,2.41,7.9,2.45,9.83,3.05,3.42,1.06
15_BSUB_p,0.12785315237312936,2,BS,urban,B,B.lapidarius,3.2,4.37,2.46,6.83,2.13,9.8,3.06,3.47,1.08
15_BSUC_l,1.0523025735304532,6,BS,urban,C,B.pascuorum,3.09,4.9,2.18,7.08,2.29,9.66,3.13,3.31,1.07
15_BSUC_p,1.7350608600295279,8,BS,urban,C,B.lapidarius,2.72,5.46,2.19,7.65,2.81,8.42,3.1,2.86,1.05
15_ZHRD_l,1.3023392872190216,5,ZH,rural,D,B.pascuorum,3.19,4.95,2.24,7.19,2.25,9.5,2.98,3.2,1
15_ZHRD_p,0,1,ZH,rural,D,B.lapidarius,3.4,6.79,2.69,9.48,2.79,10.24,3.01,3.35,0.99
15_ZHRE_l,0.4773502463927937,5,ZH,rural,E,B.pascuorum,3.28,5.49,2.44,7.93,2.42,10.57,3.22,3.53,1.08
15_ZHRE_p,0.17590996745549237,3,ZH,rural,E,B.lapidarius,3.6,7.15,2.92,10.07,2.8,10.74,2.98,3.6,1
15_ZHRF_l,0.7926283934936997,3,ZH,rural,F,B.pascuorum,3.22,5.21,2.24,7.45,2.31,10.02,3.11,3.34,1.04
15_ZHRF_p,0,1,ZH,rural,F,B.lapidarius,3.45,7.03,2.72,9.75,2.83,10.47,3.03,3.6,1.04
15_ZHUA_l,1.7708922055294203,10,ZH,urban,A,B.pascuorum,3.1,4.88,1.96,6.84,2.21,9.56,3.08,2.98,0.96
15_ZHUA_p,0.14953018261905332,3,ZH,urban,A,B.lapidarius,2.75,5.31,2.08,7.39,2.69,8.04,2.92,2.59,0.94
15_ZHUB_l,0.5509264187919196,3,ZH,urban,B,B.pascuorum,3.76,5.8,2.52,8.32,2.21,12,3.19,3.84,1.02
15_ZHUB_p,0,1,ZH,urban,B,B.lapidarius,3.05,4.03,2.44,6.47,2.12,9.62,3.15,2.91,0.95
15_ZHUC_l,0.2219159770851383,2,ZH,urban,C,B.pascuorum,3.24,3.58,2.23,5.81,1.79,9.5,2.93,3.42,1.06
15_ZHUC_p,1.3694415198379477,7,ZH,urban,C,B.lapidarius,3.69,7.83,2.95,10.78,2.92,11.5,3.12,3.86,1.05
16_BERD_p,0.4479860582247187,3,BE,rural,D,B.lapidarius,2.95,5.99,2.64,8.63,2.93,9.37,3.18,3.3,1.12
16_BEUA_p,0.5370236642598045,2,BE,urban,A,B.lapidarius,2.82,6.16,2.49,8.65,3.07,9.62,3.41,3.05,1.08
16_BEUB_l,0.5843157058451675,5,BE,urban,B,B.pascuorum,3.23,5.02,2.33,7.35,2.28,9.81,3.04,3.15,0.98
16_BEUB_p,0.6268948259826873,6,BE,urban,B,B.lapidarius,2.73,6,2.43,8.43,3.09,8.98,3.29,3.11,1.14
16_BEUC_l,2.0469219398093816,13,BE,urban,C,B.pascuorum,3.13,4.92,2.2,7.12,2.27,9.63,3.08,3.13,1
16_BEUC_p,0,1,BE,urban,C,B.lapidarius,3.4,6.98,2.73,9.71,2.86,10.92,3.21,3.55,1.04
16_BSRD_l,0,1,BS,rural,D,B.pascuorum,3.73,5.79,2.43,8.22,2.2,10.73,2.88,3.74,1
16_BSRD_p,0,1,BS,rural,D,B.lapidarius,3.8,5.73,2.91,8.64,2.27,10.6,2.79,3.79,1
16_BSRE_l,0.8767135642176817,4,BS,rural,E,B.pascuorum,3.73,5.82,2.45,8.27,2.22,10.86,2.91,3.82,1.02
16_BSRE_p,0.06619838307510402,2,BS,rural,E,B.lapidarius,3.44,7.13,2.8,9.93,2.89,10.91,3.17,3.63,1.06
16_BSRF_l,0.06661654444324207,2,BS,rural,F,B.pascuorum,3.39,5.37,2.34,7.71,2.27,10.36,3.06,3.69,1.09
16_BSUA_l,0.2294883473067584,2,BS,urban,A,B.pascuorum,4.02,6.61,2.84,9.45,2.35,12.45,3.1,4.38,1.09
16_BSUA_p,1.2134227321289626,8,BS,urban,A,B.lapidarius,3.56,5.2,2.69,7.89,2.22,10.61,2.98,4,1.12
16_BSUB_l,1.7019676663751169,6,BS,urban,B,B.pascuorum,3.37,5.58,2.4,7.98,2.37,10.16,3.01,3.64,1.08
16_BSUB_p,1.2723432939026178,4,BS,urban,B,B.lapidarius,3.47,7.08,2.88,9.96,2.87,11.09,3.2,3.67,1.06
16_BSUC_l,1.1655736852612968,5,BS,urban,C,B.pascuorum,3.39,4.67,2.3,6.97,2.06,10.22,3.01,3.45,1.02
16_BSUC_p,1.1491692418589228,5,BS,urban,C,B.lapidarius,3.1,4.64,2.64,7.28,2.35,10.23,3.3,3.36,1.08
16_ZHRD_l,0.8596159012202512,4,ZH,rural,D,B.pascuorum,3.63,4.75,2.34,7.09,1.95,10.67,2.94,3.51,0.97
16_ZHRD_p,0.23839495812150552,3,ZH,rural,D,B.lapidarius,2.7,5.38,2.09,7.47,2.77,8.42,3.12,2.86,1.06
16_ZHRE_l,1.2921798126896469,6,ZH,rural,E,B.pascuorum,3.66,6.24,2.56,8.8,2.4,11.32,3.09,4.15,1.13
16_ZHRE_p,0.8903612443403764,8,ZH,rural,E,B.lapidarius,2.88,6.17,2.55,8.72,3.03,9.63,3.34,3.34,1.16
16_ZHRF_l,0.8809951316713776,5,ZH,rural,F,B.pascuorum,3.51,5.62,2.5,8.12,2.31,10.26,2.92,3.67,1.05
16_ZHRF_p,0.5148598792310041,2,ZH,rural,F,B.lapidarius,3.59,7.55,2.97,10.52,2.93,11.4,3.18,3.81,1.06
16_ZHUA_l,1.0727032277485877,6,ZH,urban,A,B.pascuorum,2.73,4.38,1.82,6.2,2.27,8.34,3.05,2.7,0.99
16_ZHUA_p,0.24436161165642836,3,ZH,urban,A,B.lapidarius,3.14,6.71,2.42,9.13,2.91,10.14,3.23,3.26,1.04
16_ZHUB_l,1.259792624596159,7,ZH,urban,B,B.pascuorum,3.6,5.75,2.6,8.35,2.32,11.8,3.28,3.78,1.05
16_ZHUB_p,1.4708743740800414,11,ZH,urban,B,B.lapidarius,3.49,4.73,2.71,7.44,2.13,11.5,3.3,3.41,0.98
16_ZHUC_l,0.06907545928026981,2,ZH,urban,C,B.pascuorum,3.48,5.34,2.31,7.65,2.2,10.4,2.99,3.56,1.02
16_ZHUC_p,1.4495747855986083,8,ZH,urban,C,B.lapidarius,2.6,5.07,2.09,7.16,2.75,7.97,3.07,2.65,1.02
17_BERD_p,0,1,BE,rural,D,B.lapidarius,3.21,6.37,2.6,8.97,2.79,9.7,3.02,3.31,1.03
17_BEUA_p,0.658798991644574,4,BE,urban,A,B.lapidarius,3.39,7.05,2.85,9.9,2.92,11.15,3.29,3.29,0.97
17_BEUB_l,1.4515245104786871,9,BE,urban,B,B.pascuorum,3.32,5.3,2.35,7.65,2.3,10.07,3.03,3.61,1.09
17_BEUB_p,1.5554887332021117,8,BE,urban,B,B.lapidarius,2.79,5.58,2.38,7.96,2.85,8.96,3.21,2.9,1.04
17_BEUC_l,1.281400138497835,6,BE,urban,C,B.pascuorum,3.94,5.83,2.79,8.62,2.19,12.04,3.06,4.14,1.05
17_BEUC_p,0.9005959737193658,4,BE,urban,C,B.lapidarius,2.55,5.22,2.09,7.31,2.87,8.45,3.31,2.78,1.09
17_BSRD_l,0.06779524719425545,2,BS,rural,D,B.pascuorum,3.69,6.56,2.52,9.08,2.46,11.81,3.2,4.24,1.15
17_BSRD_p,0.08469321703068272,2,BS,rural,D,B.lapidarius,3.38,6.79,2.69,9.48,2.8,10.36,3.07,3.39,1
17_BSRE_l,0.5331397665143058,3,BS,rural,E,B.pascuorum,3.75,5.83,2.48,8.31,2.22,11.33,3.02,3.86,1.03
17_BSRF_l,0.2694335165014933,3,BS,rural,F,B.pascuorum,3.3,5.31,2.43,7.74,2.35,9.97,3.02,3.5,1.06
17_BSRF_p,0.6676588234050945,3,BS,rural,F,B.lapidarius,3.71,7.25,2.77,10.02,2.7,11.21,3.02,3.68,0.99
17_BSUA_l,0.8308281361167108,6,BS,urban,A,B.pascuorum,3.72,5.74,2.36,8.1,2.18,10.84,2.91,3.61,0.97
17_BSUA_p,0.8241883186190844,5,BS,urban,A,B.lapidarius,3.21,6.49,2.63,9.12,2.84,10.67,3.32,3.54,1.1
17_BSUB_l,1.5017617673851127,9,BS,urban,B,B.pascuorum,3.49,5.48,1.97,7.45,2.13,10.65,3.05,3.74,1.07
17_BSUB_p,1.795317491670404,13,BS,urban,B,B.lapidarius,2.91,5.96,2.42,8.38,2.88,9.23,3.17,3.28,1.13
17_BSUC_l,1.1000335421934921,8,BS,urban,C,B.pascuorum,3.46,5.3,2.5,7.8,2.25,10.63,3.07,3.62,1.05
17_BSUC_p,2.019951281491283,12,BS,urban,C,B.lapidarius,2.89,6.04,2.37,8.41,2.91,9.28,3.21,3.15,1.09
17_ZHRD_l,0.1078380426256797,2,ZH,rural,D,B.pascuorum,3.43,5.49,2.33,7.82,2.28,10.37,3.02,3.2,0.93
17_ZHRD_p,0.6450180887253931,6,ZH,rural,D,B.lapidarius,4.06,7.23,2.87,10.1,2.49,10.82,2.67,3.73,0.92
17_ZHRE_l,1.221549343159212,5,ZH,rural,E,B.pascuorum,3.68,6.05,2.29,8.34,2.27,11.5,3.13,4.02,1.09
17_ZHRE_p,1.3713505843858973,8,ZH,rural,E,B.lapidarius,3.29,6.86,2.74,9.6,2.92,10.05,3.05,3.51,1.07
17_ZHRF_l,1.3656354851620676,7,ZH,rural,F,B.pascuorum,3.73,5.85,2.27,8.12,2.18,11.13,2.98,3.79,1.02
17_ZHRF_p,0,1,ZH,rural,F,B.lapidarius,3.33,6.98,2.71,9.69,2.91,10.75,3.23,3.53,1.06
17_ZHUA_l,1.2746947039194068,9,ZH,urban,A,B.pascuorum,3.37,5.1,2.19,7.29,2.16,10.05,2.98,3.31,0.98
17_ZHUA_p,0.5519648351902364,4,ZH,urban,A,B.lapidarius,3.72,7.59,2.81,10.4,2.8,11.39,3.06,3.69,0.99
17_ZHUB_l,0.2464177050904631,3,ZH,urban,B,B.pascuorum,3.39,4.14,2.24,6.38,1.88,9.02,2.66,3.09,0.91
17_ZHUB_p,0.9734099501207358,4,ZH,urban,B,B.lapidarius,3.35,6.69,2.63,9.32,2.78,10.61,3.17,3.42,1.02
17_ZHUC_l,0.7464142606941372,5,ZH,urban,C,B.pascuorum,3.45,5.69,2.45,8.14,2.36,10.19,2.95,3.72,1.08
17_ZHUC_p,1.0503339707375405,5,ZH,urban,C,B.lapidarius,3.11,6.57,2.59,9.16,2.95,10.04,3.23,3.23,1.04
18_BERD_p,0,1,BE,rural,D,B.lapidarius,3.24,6.58,2.73,9.31,2.87,10.37,3.2,3.74,1.15
18_BEUA_p,0.7299808272802986,3,BE,urban,A,B.lapidarius,3,6.27,2.53,8.8,2.93,9.64,3.21,3.25,1.08
18_BEUB_l,1.334315424909327,7,BE,urban,B,B.pascuorum,3.14,4.93,2.51,7.44,2.37,9.39,2.99,3.24,1.03
18_BEUB_p,0.5325877108737787,5,BE,urban,B,B.lapidarius,2.81,5.85,2.39,8.24,2.93,8.81,3.14,2.87,1.02
18_BEUC_l,1.3329564975775186,6,BE,urban,C,B.pascuorum,3.2,4.06,2.34,6.4,2,10.98,3.43,3.74,1.17
18_BEUC_p,1.015381127561701,7,BE,urban,C,B.lapidarius,3.6,7.54,2.85,10.39,2.89,11.54,3.21,3.76,1.04
18_BSRD_l,0.06611305605491366,2,BS,rural,D,B.pascuorum,3.75,5.67,2.36,8.03,2.14,10.62,2.83,3.7,0.99
18_BSRD_p,0,1,BS,rural,D,B.lapidarius,3.31,7.01,2.72,9.73,2.94,10.6,3.2,3.53,1.07
18_BSRE_l,0.6584100851106613,2,BS,rural,E,B.pascuorum,3.98,6.35,2.68,9.03,2.27,11.68,2.93,4.11,1.03
18_BSRE_p,0,1,BS,rural,E,B.lapidarius,3.52,6.95,2.76,9.71,2.76,10.51,2.99,3.65,1.04
18_BSRF_l,0.10904278944892498,2,BS,rural,F,B.pascuorum,3.2,5.29,2.4,7.69,2.4,9.94,3.11,3.51,1.1
18_BSRF_p,0.9597283288134058,4,BS,rural,F,B.lapidarius,3.25,6.48,2.59,9.07,2.79,9.8,3.02,3.33,1.02
18_BSUA_l,0.6758620452970493,4,BS,urban,A,B.pascuorum,3.52,5.58,2.48,8.06,2.29,10.74,3.05,3.57,1.01
18_BSUA_p,0.7474727652680792,3,BS,urban,A,B.lapidarius,3.11,4.4,2.4,6.8,2.19,9.57,3.08,3.24,1.04
18_BSUB_l,1.297073038509416,6,BS,urban,B,B.pascuorum,3.46,5.49,2.44,7.93,2.29,10.69,3.09,3.69,1.07
18_BSUB_p,0.4358571065123673,4,BS,urban,B,B.lapidarius,3.26,6.75,2.59,9.34,2.87,10.29,3.16,3.53,1.08
18_BSUC_l,0.850306286737348,7,BS,urban,C,B.pascuorum,3.42,5.18,2.37,7.55,2.21,10.11,2.96,3.42,1
18_BSUC_p,1.6921277428531267,9,BS,urban,C,B.lapidarius,2.88,5.37,2.3,7.67,2.66,8.72,3.03,2.97,1.03
18_ZHRD_l,0,1,ZH,rural,D,B.pascuorum,4.01,6.03,2.64,8.67,2.16,11.03,2.75,3.97,0.99
18_ZHRD_p,0.8132942636512384,3,ZH,rural,D,B.lapidarius,2.79,5.55,2.24,7.79,2.79,8.66,3.1,3.13,1.12
18_ZHRE_l,0.9300976760237376,4,ZH,rural,E,B.pascuorum,3.31,5.28,2.3,7.58,2.29,10.15,3.07,3.74,1.13
18_ZHRE_p,1.475345795247295,7,ZH,rural,E,B.lapidarius,3.11,6.66,2.6,9.26,2.98,10.07,3.24,3.29,1.06
18_ZHRF_l,0.254533551149419,4,ZH,rural,F,B.pascuorum,2.96,4.9,1.97,6.87,2.32,9.55,3.23,3.16,1.07
18_ZHRF_p,0,1,ZH,rural,F,B.lapidarius,2.73,5.4,2.24,7.64,2.8,8.61,3.15,2.69,0.99
18_ZHUA_l,1.5834386322914338,11,ZH,urban,A,B.pascuorum,3.22,5.22,2.22,7.44,2.31,9.6,2.98,3.35,1.04
18_ZHUA_p,0,1,ZH,urban,A,B.lapidarius,2.55,4.88,1.99,6.87,2.69,7.55,2.96,2.31,0.91
18_ZHUB_l,1.0120220235687512,6,ZH,urban,B,B.pascuorum,3.27,5.27,2.35,7.62,2.33,9.9,3.03,3.45,1.06
18_ZHUB_p,1.5054641832368725,9,ZH,urban,B,B.lapidarius,3.81,5.03,2.86,7.89,2.07,12,3.15,3.91,1.03
18_ZHUC_l,1.507048395060069,9,ZH,urban,C,B.pascuorum,3.17,4.87,2.23,7.1,2.24,9.46,2.98,3.12,0.98
18_ZHUC_p,0.7499517603598979,3,ZH,urban,C,B.lapidarius,3.34,6.39,2.49,8.88,2.66,10,2.99,3.27,0.98
19_BERD_p,0,1,BE,rural,D,B.lapidarius,3.07,6.08,2.52,8.6,2.8,9.68,3.15,3.21,1.05
19_BEUA_p,0.5779108964582336,4,BE,urban,A,B.lapidarius,2.96,5.84,2.37,8.21,2.77,9.24,3.12,3.03,1.02
19_BEUB_l,0.3725477694617998,4,BE,urban,B,B.pascuorum,3.17,5.03,2.25,7.28,2.3,9.5,3,3.38,1.07
19_BEUB_p,0.3320702830766439,3,BE,urban,B,B.lapidarius,2.73,5.67,2.29,7.96,2.92,8.58,3.14,2.92,1.07
19_BEUC_p,0.09222144997562509,2,BE,urban,C,B.lapidarius,3.14,6.26,2.49,8.75,2.79,9.89,3.15,2.97,0.95
19_BSRD_l,0,1,BS,rural,D,B.pascuorum,3.58,5.92,2.58,8.5,2.37,10.75,3,3.54,0.99
19_BSRD_p,0,1,BS,rural,D,B.lapidarius,3.83,8.03,3.09,11.12,2.9,12.16,3.17,4.09,1.07
19_BSRE_l,0.5461807719555389,3,BS,rural,E,B.pascuorum,3.61,5.7,2.45,8.15,2.26,10.82,3,3.66,1.01
19_BSRE_p,0.09046427219193724,2,BS,rural,E,B.lapidarius,3.23,6.67,2.71,9.38,2.9,10.21,3.16,3.4,1.05
19_BSRF_l,0.3728018622848769,5,BS,rural,F,B.pascuorum,3.44,5.45,2.46,7.91,2.3,10.13,2.94,3.69,1.07
19_BSRF_p,1.7409179627166351,9,BS,rural,F,B.lapidarius,2.87,5.83,2.38,8.21,2.86,8.94,3.11,2.89,1.01
19_BSUA_l,0.3433929709167721,4,BS,urban,A,B.pascuorum,3.53,5.45,2.37,7.82,2.22,10.42,2.95,3.68,1.04
19_BSUA_p,0.7788041022270399,4,BS,urban,A,B.lapidarius,3.89,6.98,3.01,9.99,2.57,11.56,2.97,3.53,0.91
19_BSUB_l,0.44322698509113667,3,BS,urban,B,B.pascuorum,2.58,5.69,2.39,8.08,3.13,11.25,4.36,3.99,1.55
19_BSUB_p,0.7083843446291892,5,BS,urban,B,B.lapidarius,2.81,4.12,2.17,6.29,2.24,8.5,3.02,2.96,1.05
19_BSUC_l,0.6477286423022054,6,BS,urban,C,B.pascuorum,3.04,5.02,2.18,7.2,2.37,9.45,3.11,3.09,1.02
19_BSUC_p,1.5087760492304298,9,BS,urban,C,B.lapidarius,2.63,5.62,2.08,7.7,2.93,8.44,3.21,2.83,1.08
19_ZHRD_l,0.12694559424118945,3,ZH,rural,D,B.pascuorum,3.54,5.24,2.37,7.61,2.15,9.91,2.8,3.38,0.95
19_ZHRD_p,0.26118591428997456,3,ZH,rural,D,B.lapidarius,2.8,5.39,2.19,7.58,2.71,8.09,2.89,2.92,1.04
19_ZHRE_l,0.879579277960766,5,ZH,rural,E,B.pascuorum,3.46,5.32,2.45,7.77,2.25,10.55,3.05,3.7,1.07
19_ZHRE_p,1.149890295666937,7,ZH,rural,E,B.lapidarius,2.72,5.27,2.14,7.41,2.72,8.47,3.11,2.77,1.02
19_ZHRF_l,0.2068170523457485,2,ZH,rural,F,B.pascuorum,3.28,5.16,2.17,7.33,2.23,9.92,3.02,3.28,1
19_ZHRF_p,0.8797111451224455,5,ZH,rural,F,B.lapidarius,3,6.36,2.54,8.9,2.97,9.75,3.25,3.07,1.02
19_ZHUA_l,1.6253244755352254,10,ZH,urban,A,B.pascuorum,3.77,4.57,2.38,6.95,1.84,11.1,2.94,3.76,1
19_ZHUA_p,1.433324861024568,8,ZH,urban,A,B.lapidarius,3.26,6.29,2.56,8.85,2.71,9.27,2.84,3.26,1
19_ZHUB_l,0.1991173141795815,3,ZH,urban,B,B.pascuorum,2.89,4.23,1.94,6.17,2.13,8.51,2.94,2.58,0.89
19_ZHUB_p,0.1292331333687992,3,ZH,urban,B,B.lapidarius,2.85,5.71,2.38,8.09,2.84,9.39,3.29,2.74,0.96
19_ZHUC_l,0.6341734983466143,6,ZH,urban,C,B.pascuorum,3.32,3.85,2.48,6.33,1.91,10.41,3.14,3.65,1.1
19_ZHUC_p,0.8683845066948362,7,ZH,urban,C,B.lapidarius,3.33,6.75,2.72,9.47,2.84,10.4,3.12,3.45,1.04
20_BERD_p,0.17218529456408319,2,BE,rural,D,B.lapidarius,3.8,7.45,2.85,10.3,2.71,11.2,2.95,3.85,1.01
20_BEUA_p,0.1705278851548786,2,BE,urban,A,B.lapidarius,2.71,6.01,2.4,8.41,3.1,9.3,3.43,2.91,1.07
20_BEUB_l,1.3190071017047789,5,BE,urban,B,B.pascuorum,2.82,4.31,2.08,6.39,2.27,8.82,3.13,2.96,1.05
20_BEUB_p,0.3385495320608551,3,BE,urban,B,B.lapidarius,2.84,6.06,2.4,8.46,2.98,8.64,3.04,2.93,1.03
20_BEUC_p,0,1,BE,urban,C,B.lapidarius,3.28,6.38,2.52,8.9,2.71,9.96,3.04,3.32,1.01
20_BSRD_l,0.15952526998058789,3,BS,rural,D,B.pascuorum,3.73,6.03,2.61,8.64,2.32,11.7,3.14,4.04,1.08
20_BSRD_p,0.08547405445532347,2,BS,rural,D,B.lapidarius,3.63,6.39,2.82,9.21,2.54,10.83,2.98,3.59,0.99
20_BSRE_l,0.5967716985446634,2,BS,rural,E,B.pascuorum,3.16,5.05,2.12,7.17,2.27,9.52,3.01,3.37,1.07
20_BSRE_p,0,1,BS,rural,E,B.lapidarius,3.52,7.09,2.79,9.88,2.81,10.81,3.07,3.6,1.02
20_BSRF_l,0.26466963860490994,3,BS,rural,F,B.pascuorum,3.39,5.45,2.44,7.89,2.33,10.05,2.96,3.67,1.08
20_BSRF_p,1.1409634246876827,5,BS,rural,F,B.lapidarius,3.44,6.96,2.83,9.79,2.85,10.91,3.17,3.64,1.06
20_BSUA_l,1.214946730759113,8,BS,urban,A,B.pascuorum,3.2,5.19,2,7.19,2.25,10.17,3.18,3.36,1.05
20_BSUA_p,0.31378387790115464,4,BS,urban,A,B.lapidarius,3.26,5.64,2.54,8.18,2.51,10.23,3.14,3.43,1.05
20_BSUB_l,1.228530097855126,5,BS,urban,B,B.pascuorum,3.6,5.96,2.61,8.57,2.38,11.38,3.16,4.01,1.11
20_BSUB_p,1.383233482039466,8,BS,urban,B,B.lapidarius,3.21,6.71,2.46,9.17,2.86,10.53,3.28,3.32,1.03
20_BSUC_l,1.619317632825337,8,BS,urban,C,B.pascuorum,3.73,6.03,2.55,8.58,2.3,11.25,3.02,3.9,1.05
20_BSUC_p,1.7139377106772224,11,BS,urban,C,B.lapidarius,2.71,5.27,2.31,7.58,2.8,9.16,3.38,3.09,1.14
20_ZHRD_l,1.4870675481305922,9,ZH,rural,D,B.pascuorum,2.77,4.63,2.02,6.65,2.4,9.02,3.26,2.96,1.07
20_ZHRD_p,0,1,ZH,rural,D,B.lapidarius,3.35,6.68,2.62,9.3,2.78,10.1,3.01,3.41,1.02
20_ZHRE_l,1.0434820804488958,5,ZH,rural,E,B.pascuorum,3.58,5.93,2.49,8.42,2.35,11.23,3.14,3.8,1.06
20_ZHRE_p,0.2653371283518801,3,ZH,rural,E,B.lapidarius,3.25,6.65,2.58,9.23,2.84,10.12,3.11,3.52,1.08
20_ZHRF_l,0.32809104592166116,3,ZH,rural,F,B.pascuorum,3.85,6.32,2.73,9.05,2.35,11.43,2.97,4.15,1.08
20_ZHRF_p,0,1,ZH,rural,F,B.lapidarius,3.49,7.08,2.81,9.89,2.83,11.01,3.15,3.84,1.1
20_ZHUA_l,1.5191914753676035,7,ZH,urban,A,B.pascuorum,3.7,6.03,2.67,8.7,2.35,11.46,3.1,4,1.08
20_ZHUA_p,0.3384726279616549,3,ZH,urban,A,B.lapidarius,3.75,7.24,2.78,10.02,2.67,11.28,3.01,3.69,0.98
20_ZHUB_l,1.1604015655684061,4,ZH,urban,B,B.pascuorum,3.3,5.3,2.28,7.58,2.3,11,3.33,3.48,1.05
20_ZHUB_p,1.007321165244287,4,ZH,urban,B,B.lapidarius,3.5,6.94,2.84,9.78,2.79,12,3.43,3.61,1.03
20_ZHUC_l,1.4334516956054586,8,ZH,urban,C,B.pascuorum,3.2,5.08,2.26,7.34,2.29,9.65,3.02,3.14,0.98
20_ZHUC_p,0.6289732250010158,5,ZH,urban,C,B.lapidarius,2.85,5.84,2.29,8.13,2.85,9.13,3.2,3.07,1.08
21_BERD_p,0.18361227037456257,2,BE,rural,D,B.lapidarius,3.42,7.03,2.84,9.87,2.89,10.45,3.06,3.65,1.07
21_BEUA_p,0.209013986325923,2,BE,urban,A,B.lapidarius,3.02,6.19,2.43,8.62,2.85,9.61,3.18,3.01,1
21_BEUB_l,1.4702523776955103,7,BE,urban,B,B.pascuorum,2.79,4.77,2.21,6.98,2.5,9.07,3.25,3.14,1.13
21_BEUB_p,0.38450565804009273,4,BE,urban,B,B.lapidarius,3.05,6.29,2.55,8.84,2.9,9.78,3.21,3.33,1.09
21_BSRD_l,0.26017701352336453,2,BS,rural,D,B.pascuorum,3.93,5.6,2.61,8.21,2.09,11.05,2.81,3.99,1.02
21_BSRD_p,0,1,BS,rural,D,B.lapidarius,3.41,6.6,2.6,9.2,2.7,10.06,2.95,3.27,0.96
21_BSRE_l,0.05778035292388455,2,BS,rural,E,B.pascuorum,3.43,5.31,2.36,7.67,2.24,9.84,2.87,3.54,1.03
21_BSRE_p,0.1276806847087002,2,BS,rural,E,B.lapidarius,3.76,7.31,2.82,10.13,2.69,10.92,2.9,3.79,1.01
21_BSRF_l,0.09060513294003344,2,BS,rural,F,B.pascuorum,3.76,5.55,2.48,8.03,2.14,10.81,2.88,3.66,0.97
21_BSRF_p,0.30854748863865566,3,BS,rural,F,B.lapidarius,3.13,6.43,2.66,9.09,2.9,9.68,3.09,3.28,1.05
21_BSUA_l,0.66969746818428,5,BS,urban,A,B.pascuorum,3,4.68,2.14,6.82,2.27,9.48,3.16,3.08,1.03
21_BSUA_p,1.4052143467232097,8,BS,urban,A,B.lapidarius,3.77,5.61,2.95,8.56,2.27,11.86,3.15,4.03,1.07
21_BSUB_l,0.09562914575433333,2,BS,urban,B,B.pascuorum,2.95,4.99,2.18,7.17,2.43,10.01,3.39,3.25,1.1
21_BSUB_p,1.5938139063898367,9,BS,urban,B,B.lapidarius,2.75,5.73,2.29,8.02,2.92,8.94,3.25,3.02,1.1
21_BSUC_l,1.9805307970711703,12,BS,urban,C,B.pascuorum,3.42,5.58,1.89,7.47,2.18,10.58,3.09,3.68,1.08
21_BSUC_p,1.7781351104415604,9,BS,urban,C,B.lapidarius,3.48,7.32,2.77,10.09,2.9,11.41,3.28,3.72,1.07
21_ZHRD_l,0.8299701277551257,6,ZH,rural,D,B.pascuorum,3.28,5.27,2.19,7.46,2.27,9.89,3.02,3.39,1.03
21_ZHRD_p,0.6233387362008783,4,ZH,rural,D,B.lapidarius,3.51,6.47,2.62,9.09,2.59,9.78,2.79,3.32,0.95
21_ZHRE_l,1.5420946773424995,8,ZH,rural,E,B.pascuorum,3.74,5.95,2.53,8.48,2.27,11.03,2.95,3.81,1.02
21_ZHRE_p,0.9095126265082022,4,ZH,rural,E,B.lapidarius,3.27,6.57,2.63,9.2,2.81,10.11,3.09,3.6,1.1
21_ZHRF_l,1.003330790320139,4,ZH,rural,F,B.pascuorum,3.64,5.96,2.57,8.53,2.34,11.07,3.04,3.82,1.05
21_ZHRF_p,0.059159061584906664,2,ZH,rural,F,B.lapidarius,3.57,6.04,2.96,9,2.52,11.32,3.17,3.83,1.07
21_ZHUA_l,1.3015672324890288,7,ZH,urban,A,B.pascuorum,3.32,5.47,2.23,7.7,2.32,10.31,3.11,3.72,1.12
21_ZHUA_p,0.3592864511532682,4,ZH,urban,A,B.lapidarius,3.49,7.09,2.67,9.76,2.8,10.66,3.05,3.72,1.07
21_ZHUB_l,0.9886469797945069,8,ZH,urban,B,B.pascuorum,3.68,5.77,2.5,8.27,2.25,11.5,3.13,3.83,1.04
21_ZHUB_p,0.4400434443397513,2,ZH,urban,B,B.lapidarius,3.4,4.6,2.67,7.27,2.14,11,3.24,3.42,1.01
21_ZHUC_l,0.46637361048482295,2,ZH,urban,C,B.pascuorum,3.29,4.88,2.12,7,2.13,9.46,2.88,3.25,0.99
21_ZHUC_p,0.25332405895580334,3,ZH,urban,C,B.lapidarius,3.22,6.47,2.57,9.04,2.81,9.88,3.07,3.33,1.03
22_BERD_p,0.5095135646521227,4,BE,rural,D,B.lapidarius,3.67,6.94,2.78,9.72,2.65,10.51,2.86,3.8,1.04
22_BEUA_p,0.24320698165259536,2,BE,urban,A,B.lapidarius,3.42,7.22,2.83,10.05,2.94,10.96,3.2,3.57,1.04
22_BEUB_l,1.638937348796254,8,BE,urban,B,B.pascuorum,3.58,5.57,2.5,8.07,2.25,10.95,3.06,3.86,1.08
22_BEUB_p,0.4227676879163861,4,BE,urban,B,B.lapidarius,2.64,5.67,2.32,7.99,3.03,8.82,3.34,2.82,1.07
22_BSRD_l,0,1,BS,rural,D,B.pascuorum,3.83,6.27,2.63,8.9,2.32,11.54,3.01,4.11,1.07
22_BSRD_p,0.9911387613296931,5,BS,rural,D,B.lapidarius,3.11,6.24,2.56,8.8,2.83,9.7,3.12,3.36,1.08
22_BSRE_l,0.14273771920695585,3,BS,rural,E,B.pascuorum,3.38,5.88,2.52,8.4,2.49,10.6,3.14,3.73,1.1
22_BSRE_p,0.08245547436987741,2,BS,rural,E,B.lapidarius,3.33,6.6,2.69,9.29,2.79,9.8,2.94,3.44,1.03
22_BSRF_l,0.09650818144451424,2,BS,rural,F,B.pascuorum,3.01,4.65,2.15,6.8,2.26,9.28,3.08,3.37,1.12
22_BSRF_p,0.6669459403519075,5,BS,rural,F,B.lapidarius,3.25,6.74,2.77,9.51,2.93,10.38,3.19,3.51,1.08
22_BSUA_l,0.9432044122751713,5,BS,urban,A,B.pascuorum,3.42,5.93,2.55,8.48,2.48,11.09,3.24,3.59,1.05
22_BSUA_p,1.9215311249172669,12,BS,urban,A,B.lapidarius,2.32,4.57,1.98,6.55,2.82,7.57,3.26,2.52,1.09
22_BSUB_l,1.650917599366773,7,BS,urban,B,B.pascuorum,3.51,5.61,2.55,8.16,2.32,10.85,3.09,3.69,1.05
22_BSUB_p,1.4953792104681314,6,BS,urban,B,B.lapidarius,2.91,4.68,2.44,7.12,2.45,9.3,3.2,3.26,1.12
22_BSUC_l,0.5179112221720678,5,BS,urban,C,B.pascuorum,3.42,5.5,2.48,7.98,2.33,10.68,3.12,3.66,1.07
22_BSUC_p,1.1546788902561733,8,BS,urban,C,B.lapidarius,3.12,6.54,2.47,9.01,2.89,10.06,3.22,3.53,1.13
22_ZHRD_l,1.6862112312858601,10,ZH,rural,D,B.pascuorum,3.26,3.81,2.31,6.12,1.88,10.36,3.18,3.58,1.1
22_ZHRD_p,1.1281923069703275,5,ZH,rural,D,B.lapidarius,2.53,3.37,2.17,5.54,2.19,7.94,3.14,2.62,1.04
22_ZHRE_l,1.088677646361391,6,ZH,rural,E,B.pascuorum,3.43,5.69,2.49,8.18,2.38,10.3,3,3.66,1.07
22_ZHRE_p,1.5109482941669359,8,ZH,rural,E,B.lapidarius,3.67,7.25,2.85,10.1,2.75,10.95,2.98,3.84,1.05
22_ZHRF_l,0.24953907913616724,3,ZH,rural,F,B.pascuorum,3.48,5.92,2.57,8.49,2.44,11.07,3.18,3.77,1.08
22_ZHRF_p,0.3648921940225111,4,ZH,rural,F,B.lapidarius,3.46,6.7,2.74,9.44,2.73,10.09,2.92,3.59,1.04
22_ZHUA_l,1.3599460238213572,8,ZH,urban,A,B.pascuorum,4.49,5.35,2.41,7.76,1.73,10.21,2.27,3.42,0.76
22_ZHUA_p,0,1,ZH,urban,A,B.lapidarius,3.35,7.3,2.77,10.07,3.01,10.83,3.23,3.58,1.07
22_ZHUB_l,0.8085072677806283,4,ZH,urban,B,B.pascuorum,3.11,5.38,2.32,7.7,2.48,10.08,3.24,3.5,1.13
22_ZHUB_p,1.7874167629800937,10,ZH,urban,B,B.lapidarius,3.39,4.37,2.66,7.03,2.07,11.2,3.3,3.09,0.91
22_ZHUC_l,0.6764321779800596,3,ZH,urban,C,B.pascuorum,3.02,4.84,1.97,6.81,2.25,9.28,3.07,3.27,1.08
22_ZHUC_p,1.1574079022126127,5,ZH,urban,C,B.lapidarius,3.29,6.74,2.66,9.4,2.86,10.21,3.1,3.51,1.07
23_BERD_p,0.06105482580664914,2,BE,rural,D,B.lapidarius,3.47,7.04,2.85,9.89,2.85,10.8,3.11,3.82,1.1
23_BEUA_p,0.8478451142685226,3,BE,urban,A,B.lapidarius,3.02,5.73,2.32,8.05,2.67,8.72,2.89,2.82,0.93
23_BEUB_p,1.121136109875757,9,BE,urban,B,B.lapidarius,3.47,7.04,2.81,9.85,2.84,10.6,3.05,3.56,1.03
23_BSRD_l,0,1,BS,rural,D,B.pascuorum,3.78,5.76,2.57,8.33,2.2,10.83,2.87,3.94,1.04
23_BSRD_p,0,1,BS,rural,D,B.lapidarius,3.74,7.73,2.98,10.71,2.86,11.47,3.07,3.77,1.01
23_BSRE_l,0.20018931357342776,2,BS,rural,E,B.pascuorum,3.53,5.38,2.33,7.71,2.18,10.48,2.97,3.4,0.96
23_BSRE_p,0.12091273637863584,3,BS,rural,E,B.lapidarius,3.3,6.47,2.82,9.29,2.82,9.97,3.02,3.27,0.99
23_BSRF_l,0,1,BS,rural,F,B.pascuorum,3.2,5.24,2.34,7.58,2.37,9.65,3.02,3.51,1.1
23_BSRF_p,1.012227092425995,4,BS,rural,F,B.lapidarius,3.27,6.83,2.75,9.58,2.93,10.42,3.19,3.45,1.06
23_BSUA_l,1.3507391377875657,7,BS,urban,A,B.pascuorum,3.45,5.43,2.26,7.69,2.23,10.37,3.01,3.46,1
23_BSUA_p,0.7309603821025712,4,BS,urban,A,B.lapidarius,3.48,4.87,2.66,7.53,2.16,10.56,3.03,3.58,1.03
23_BSUB_l,1.6937206396041282,10,BS,urban,B,B.pascuorum,3.54,4.06,2.55,6.61,1.87,11.42,3.23,3.95,1.12
23_BSUB_p,0.06782996126416224,2,BS,urban,B,B.lapidarius,3.2,6.31,3.53,8.84,2.76,9.9,3.09,3.52,1.1
23_BSUC_l,1.6655955556748965,10,BS,urban,C,B.pascuorum,3.03,4.96,2.19,7.15,2.36,9.31,3.07,3.05,1.01
23_BSUC_p,0.7557619225172785,6,BS,urban,C,B.lapidarius,3.23,6.62,2.57,9.19,2.85,10.29,3.19,3.4,1.05
23_ZHRD_l,1.4644282328038194,11,ZH,rural,D,B.pascuorum,3.48,5.57,2.37,7.94,2.28,10.9,3.13,3.66,1.05
23_ZHRD_p,1.2855831406461915,6,ZH,rural,D,B.lapidarius,2.74,5.19,2.25,7.44,2.72,8.25,3.01,2.8,1.02
23_ZHRE_l,0.44151429990076846,5,ZH,rural,E,B.pascuorum,3.02,5.08,2.2,7.28,2.41,9.73,3.22,3.45,1.14
23_ZHRE_p,1.2813497736022552,7,ZH,rural,E,B.lapidarius,3.32,6.72,2.7,9.42,2.84,10.35,3.12,3.38,1.02
23_ZHRF_l,0.5580977013402586,4,ZH,rural,F,B.pascuorum,3.74,6.2,2.69,8.89,2.38,11.64,3.11,3.82,1.02
23_ZHRF_p,0.08528135293479353,2,ZH,rural,F,B.lapidarius,3.87,7.47,2.93,10.4,2.69,11.58,2.99,3.88,1
23_ZHUA_l,1.4646666999834093,8,ZH,urban,A,B.pascuorum,2.72,4.6,2.07,6.67,2.45,9.21,3.39,3.06,1.13
23_ZHUA_p,0.3395059335573995,3,ZH,urban,A,B.lapidarius,3.28,4.76,2.45,7.21,2.2,10.38,3.16,3.43,1.05
23_ZHUB_l,0.10415678014610258,2,ZH,urban,B,B.pascuorum,3.44,5.18,2.24,7.42,2.16,10.42,3.03,3.5,1.02
23_ZHUB_p,0.09955927268487652,2,ZH,urban,B,B.lapidarius,3.5,6.01,1.71,7.72,2.21,12,3.43,3.66,1.05
23_ZHUC_l,0.8174573515457679,5,ZH,urban,C,B.pascuorum,3.54,5.74,2.52,8.26,2.33,10.78,3.05,3.75,1.06
23_ZHUC_p,0.7063621191972789,5,ZH,urban,C,B.lapidarius,3.13,6.29,2.42,8.71,2.78,10.03,3.2,3.37,1.08
24_BERD_p,0,1,BE,rural,D,B.lapidarius,3.64,7.2,2.87,10.07,2.77,11.08,3.04,3.77,1.04
24_BEUA_p,0.16067082389974766,2,BE,urban,A,B.lapidarius,3.22,7.11,2.62,9.73,3.02,10.69,3.32,3.62,1.12
24_BEUB_l,0.5814459162555835,6,BE,urban,B,B.pascuorum,3.23,5.23,2.32,7.55,2.34,9.78,3.03,3.35,1.04
24_BEUB_p,0.09990524656997193,2,BE,urban,B,B.lapidarius,3.02,6.32,2.62,8.94,2.96,9.8,3.25,3.37,1.12
24_BSRD_l,0.7324518157011211,4,BS,rural,D,B.pascuorum,3.55,5.73,2.27,8,2.25,10.69,3.01,3.67,1.03
24_BSRD_p,0,1,BS,rural,D,B.lapidarius,3.64,7.21,2.88,10.09,2.77,11.03,3.03,3.83,1.05
24_BSRE_l,1.1096145277473588,5,BS,rural,E,B.pascuorum,3.36,5.45,2.5,7.95,2.37,10.34,3.08,3.48,1.04
24_BSRE_p,0,1,BS,rural,E,B.lapidarius,3.37,6.44,2.65,9.09,2.7,9.94,2.95,3.33,0.99
24_BSRF_l,0.5726399204008044,2,BS,rural,F,B.pascuorum,3.77,5.72,2.51,8.23,2.18,11.01,2.92,3.79,1.01
24_BSRF_p,1.2248668452648226,7,BS,rural,F,B.lapidarius,3.19,6.3,2.6,8.9,2.79,9.21,2.89,3.33,1.04
24_BSUA_l,0.6270784962409367,4,BS,urban,A,B.pascuorum,2.86,4.66,1.98,6.64,2.32,8.9,3.11,2.97,1.04
24_BSUA_p,0.962990967231729,5,BS,urban,A,B.lapidarius,3.21,4.3,2.53,6.83,2.13,9.92,3.09,3.25,1.01
24_BSUB_l,0.8875360177421592,8,BS,urban,B,B.pascuorum,3.14,4.61,2.03,6.64,2.11,9.39,2.99,3.06,0.97
24_BSUB_p,0.6854806576160425,7,BS,urban,B,B.lapidarius,3.87,5.66,2.87,8.53,2.2,11.69,3.02,3.89,1.01
24_BSUC_l,1.0168533521321301,9,BS,urban,C,B.pascuorum,3.87,6.49,2.68,9.17,2.37,11.71,3.03,3.97,1.03
24_BSUC_p,0.9583812216823514,5,BS,urban,C,B.lapidarius,3.54,7.33,2.86,10.19,2.88,11.32,3.2,3.79,1.07
24_ZHRD_l,0.4369275176514397,4,ZH,rural,D,B.pascuorum,3.33,5.17,2.16,7.33,2.2,9.77,2.93,3.17,0.95
24_ZHRD_p,0.4874274095801045,5,ZH,rural,D,B.lapidarius,3.35,6.34,2.51,8.85,2.64,9.66,2.88,3.08,0.92
24_ZHRE_l,0.6136663976840273,4,ZH,rural,E,B.pascuorum,3.66,6.15,2.58,8.73,2.39,11.42,3.12,4.04,1.1
24_ZHRE_p,1.303751963690908,8,ZH,rural,E,B.lapidarius,3.37,6.81,2.68,9.49,2.82,10.39,3.08,3.46,1.03
24_ZHRF_l,0.3818837431962747,3,ZH,rural,F,B.pascuorum,3.16,4.97,2.2,7.17,2.27,9.85,3.12,3.21,1.02
24_ZHRF_p,0.8740626197871424,5,ZH,rural,F,B.lapidarius,3.06,6.43,2.54,8.97,2.93,9.81,3.21,3.5,1.14
24_ZHUA_l,1.154800830377473,6,ZH,urban,A,B.pascuorum,2.95,5.05,2.24,7.29,2.47,9.54,3.23,3.32,1.13
24_ZHUA_p,0.4819085920195675,2,ZH,urban,A,B.lapidarius,2.9,5.64,2.18,7.82,2.7,8.83,3.04,2.81,0.97
24_ZHUB_l,1.1571039913767278,7,ZH,urban,B,B.pascuorum,3.53,5.73,2.54,8.27,2.34,10.34,3.45,3.79,1.07
24_ZHUB_p,0.552183142970004,2,ZH,urban,B,B.lapidarius,3.54,7.39,2.8,10.19,2.88,11.5,3.25,3.67,1.04
24_ZHUC_l,1.1249836727390836,4,ZH,urban,C,B.pascuorum,3.19,5.39,2.38,7.77,2.44,9.96,3.12,3.36,1.05
24_ZHUC_p,2.0008826206996706,16,ZH,urban,C,B.lapidarius,3.33,6.97,2.77,9.74,2.92,10.74,3.23,3.59,1.08
25_BERD_p,0.06978716129099728,2,BE,rural,D,B.lapidarius,3.54,7.4,2.91,10.31,2.91,10.47,2.96,4.17,1.18
25_BEUA_p,0.868291243573902,4,BE,urban,A,B.lapidarius,3.16,6.52,2.53,9.05,2.86,10.41,3.29,3.22,1.02
25_BEUB_l,1.9512268189669209,13,BE,urban,B,B.pascuorum,3.5,5.89,2.56,8.45,2.41,11.1,3.17,3.87,1.11
25_BEUB_p,1.7991292420650524,9,BE,urban,B,B.lapidarius,3.18,6.05,2.64,9.89,3.11,10.96,3.19,2.73,0.86
25_BSRD_l,0.1844318507883964,3,BS,rural,D,B.pascuorum,3.58,6,2.6,8.6,2.4,11.2,3.13,3.98,1.11
25_BSRD_p,0,1,BS,rural,D,B.lapidarius,3.45,6.88,2.73,9.61,2.79,10.55,3.06,3.54,1.03
25_BSRE_l,0.06969753208792802,2,BS,rural,E,B.pascuorum,2.93,4.78,2.13,6.91,2.36,8.89,3.03,2.97,1.01
25_BSRE_p,0.7356100478822242,3,BS,rural,E,B.lapidarius,3.52,7.13,2.81,9.94,2.82,10.44,2.97,3.71,1.05
25_BSRF_l,0.3608034791475333,3,BS,rural,F,B.pascuorum,3.32,5.53,2.35,7.88,2.37,10.41,3.14,3.73,1.12
25_BSRF_p,0.6335791940210859,4,BS,rural,F,B.lapidarius,3.92,8.05,3.15,11.2,2.86,11.93,3.04,3.98,1.02
25_BSUA_l,1.2264978752313471,7,BS,urban,A,B.pascuorum,3.31,5.73,2.49,8.22,2.48,10.51,3.18,3.43,1.04
25_BSUA_p,0.6906091982003646,2,BS,urban,A,B.lapidarius,2.97,5.56,2.26,7.82,2.63,9.22,3.1,3.03,1.02
25_BSUB_l,0.31265087813303344,4,BS,urban,B,B.pascuorum,3.14,4.75,2.17,6.92,2.2,9.95,3.17,3.34,1.06
25_BSUB_p,0,1,BS,urban,B,B.lapidarius,2.99,6.33,2.54,8.87,2.97,9.57,3.2,3.2,1.07
25_BSUC_l,1.2280021005925752,7,BS,urban,C,B.pascuorum,3.18,4.96,2.16,7.12,2.24,9.5,2.99,3.12,0.98
25_BSUC_p,0.21177065002242945,2,BS,urban,C,B.lapidarius,3.39,6.81,2.7,9.51,2.81,10.55,3.11,3.57,1.05
25_ZHRD_l,0,1,ZH,rural,D,B.pascuorum,3.92,4.83,2.64,7.47,1.91,11.71,2.99,4.07,1.04
25_ZHRD_p,1.5477005798925938,9,ZH,rural,D,B.lapidarius,3.63,6.54,2.52,9.06,2.5,10.16,2.8,3.37,0.93
25_ZHRE_l,1.2990363286657547,6,ZH,rural,E,B.pascuorum,3.58,5.6,2.46,8.06,2.25,10.76,3.01,3.68,1.03
25_ZHRE_p,1.0992347369598308,6,ZH,rural,E,B.lapidarius,3.06,5.92,2.5,8.42,2.75,9.48,3.1,3.26,1.07
25_ZHRF_l,0.8274908603946896,4,ZH,rural,F,B.pascuorum,3.45,5.71,2.51,8.22,2.38,10.75,3.12,3.57,1.03
25_ZHRF_p,0.5017852473624456,4,ZH,rural,F,B.lapidarius,3.21,6.99,2.8,9.79,3.05,10.64,3.31,3.62,1.13
25_ZHUA_l,1.502465101718022,6,ZH,urban,A,B.pascuorum,3.23,5.34,2.2,7.54,2.33,9.79,3.03,3.36,1.04
25_ZHUA_p,0.07289270540782662,2,ZH,urban,A,B.lapidarius,2.33,4.63,2.12,6.75,2.9,7.67,3.29,2.47,1.06
25_ZHUB_l,0.9190884785707404,7,ZH,urban,B,B.pascuorum,3.68,3.68,2.38,6.06,1.65,10.58,3.72,3.83,1.04
25_ZHUB_p,0,1,ZH,urban,B,B.lapidarius,3.41,6.63,2.52,9.15,2.68,10.12,2.97,3.36,0.99
25_ZHUC_l,1.3824004986856395,9,ZH,urban,C,B.pascuorum,3.44,4.96,2.35,7.31,2.13,9.74,2.83,3.37,0.98
25_ZHUC_p,0.8827395690849951,5,ZH,urban,C,B.lapidarius,2.66,5.09,2.1,7.19,2.7,8.61,3.24,2.71,1.02
26_BERD_p,0,1,BE,rural,D,B.lapidarius,3.51,6.97,2.71,9.68,2.76,10.58,3.01,3.76,1.07
26_BEUA_p,0.06813022472593808,2,BE,urban,A,B.lapidarius,2.93,5.9,2.47,8.37,2.86,9.05,3.09,2.78,0.95
26_BEUB_p,1.2431352446812787,5,BE,urban,B,B.lapidarius,2.67,5.39,2.25,7.64,2.86,8.28,2.77,3.11,1.16
26_BSRD_l,1.1059423538215354,5,BS,rural,D,B.pascuorum,3.34,5.44,2.37,7.81,2.34,10.25,3.07,3.67,1.1
26_BSRD_p,0,1,BS,rural,D,B.lapidarius,3.54,7.25,2.8,10.05,2.84,10.92,3.08,4.22,1.19
26_BSRE_l,0.13235932232114575,2,BS,rural,E,B.pascuorum,3.59,5.88,2.48,8.36,2.33,10.69,2.98,3.96,1.1
26_BSRE_p,0,1,BS,rural,E,B.lapidarius,3.3,6.55,2.74,9.29,2.82,10.44,3.16,3.49,1.06
26_BSRF_l,0.4434172479428109,3,BS,rural,F,B.pascuorum,3.41,5.74,2.58,8.32,2.44,10.63,3.12,3.81,1.12
26_BSRF_p,0.2252039680554168,4,BS,rural,F,B.lapidarius,3.54,7.67,3.05,10.72,3.03,11.58,3.27,2.98,0.84
26_BSUA_l,1.1483663596260656,5,BS,urban,A,B.pascuorum,3.83,6.06,2.33,8.39,2.19,11.08,2.89,3.75,0.98
26_BSUA_p,0.10635624500957018,2,BS,urban,A,B.lapidarius,3.48,7.1,2.83,9.93,2.85,10.78,3.1,3.57,1.03
26_BSUB_l,0.5859816325943478,6,BS,urban,B,B.pascuorum,3.24,5.36,2.41,7.77,2.4,10.36,3.2,3.66,1.13
26_BSUB_p,0.6988372473620018,4,BS,urban,B,B.lapidarius,3.16,6.48,2.58,9.06,2.87,9.81,3.1,3.35,1.06
26_BSUC_l,0.8426814446857389,5,BS,urban,C,B.pascuorum,3.51,5.79,2.5,8.29,2.36,10.82,3.08,3.67,1.05
26_BSUC_p,0.4995444108763514,5,BS,urban,C,B.lapidarius,2.74,4.85,2.39,7.24,2.64,9.02,3.29,2.96,1.08
26_ZHRD_l,1.6806892046033355,8,ZH,rural,D,B.pascuorum,3.19,5.37,2.18,7.55,2.37,9.79,3.07,3.28,1.03
26_ZHRD_p,0.17747693764139894,2,ZH,rural,D,B.lapidarius,3.71,7.43,2.84,10.27,2.77,11.09,2.99,3.76,1.01
26_ZHRE_l,0.1558390411065204,2,ZH,rural,E,B.pascuorum,3.14,4.85,1.94,6.79,2.16,9,2.87,3.02,0.96
26_ZHRE_p,0,1,ZH,rural,E,B.lapidarius,3.16,6.38,2.53,8.91,2.82,9.69,3.07,3.22,1.02
26_ZHRF_l,0.9195517667490556,4,ZH,rural,F,B.pascuorum,3.36,5.4,2.33,7.73,2.3,10.26,3.05,3.44,1.02
26_ZHRF_p,0,1,ZH,rural,F,B.lapidarius,3.33,7.22,2.74,9.96,2.99,10.72,3.22,3.64,1.09
26_ZHUA_l,1.9824340781247343,10,ZH,urban,A,B.pascuorum,3.54,4.73,2.53,7.26,2.05,11.09,3.13,3.67,1.04
26_ZHUA_p,0.3571473765169188,2,ZH,urban,A,B.lapidarius,3.12,5.96,2.37,8.33,2.67,9.46,3.03,3.09,0.99
26_ZHUB_l,1.276953067744138,7,ZH,urban,B,B.pascuorum,3.78,5.97,2.53,8.5,2.25,12,3.17,3.79,1
26_ZHUB_p,1.4855248493940345,7,ZH,urban,B,B.lapidarius,3.19,5.38,2.64,8.02,2.51,10.34,3.24,3.18,1
26_ZHUC_l,1.1802410838041113,10,ZH,urban,C,B.pascuorum,3.52,4.24,2.27,6.51,1.85,10.43,2.96,3.63,1.03
26_ZHUC_p,1.511578775920114,10,ZH,urban,C,B.lapidarius,3.3,4.63,2.59,7.22,2.19,10.62,3.22,3.56,1.08
27_BERD_p,0.7701261885767381,4,BE,rural,D,B.lapidarius,3.44,7.05,2.85,9.9,2.88,10.83,3.15,3.91,1.14
27_BEUA_p,0.29242180147367436,2,BE,urban,A,B.lapidarius,3.3,6.84,2.67,9.51,2.88,10.09,3.06,3.42,1.04
27_BEUB_p,0.8012000203806223,5,BE,urban,B,B.lapidarius,2.61,5.13,2.14,7.27,2.79,8.1,3.1,2.74,1.05
27_BSRD_l,0,1,BS,rural,D,B.pascuorum,3.44,6.04,2.52,8.56,2.49,10.97,3.19,3.93,1.14
27_BSRD_p,0,1,BS,rural,D,B.lapidarius,3.39,7.2,2.79,9.99,2.95,10.79,3.18,3.64,1.07
27_BSRE_l,1.0051795084670545,4,BS,rural,E,B.pascuorum,3.5,5.77,2.54,8.31,2.37,10.48,2.99,3.68,1.05
27_BSRE_p,0.061720183815147475,2,BS,rural,E,B.lapidarius,3.33,6.92,2.83,9.75,2.93,10.47,3.14,3.65,1.1
27_BSRF_l,0.09126634781343831,2,BS,rural,F,B.pascuorum,3.36,5.71,2.48,8.19,2.44,10.41,3.1,3.83,1.14
27_BSRF_p,0.6260297332975024,7,BS,rural,F,B.lapidarius,3.07,6.1,2.52,8.62,2.81,9.26,3.02,3.06,1
27_BSUA_l,1.1451952565996624,7,BS,urban,A,B.pascuorum,3.84,5.99,2.53,8.52,2.22,11.54,3.01,3.94,1.03
27_BSUA_p,0.5038584821069844,3,BS,urban,A,B.lapidarius,3.64,6.26,2.81,9.07,2.49,11.14,3.06,3.87,1.06
27_BSUB_l,0.25563747962308436,3,BS,urban,B,B.pascuorum,3.61,5.57,2.61,8.18,2.27,11.33,3.14,4,1.11
27_BSUB_p,0.5967027271444746,4,BS,urban,B,B.lapidarius,2.93,5.91,2.32,8.23,2.81,9.1,3.11,3.01,1.03
27_BSUC_l,0.885052213484401,4,BS,urban,C,B.pascuorum,3.2,5.34,2.32,7.66,2.39,10.07,3.15,3.33,1.04
27_BSUC_p,0.1315176131123386,2,BS,urban,C,B.lapidarius,2.98,5.82,2.39,8.21,2.76,9.13,3.06,3.07,1.03
27_ZHRD_l,1.097665509297165,7,ZH,rural,D,B.pascuorum,2.95,5.02,2.14,7.16,2.43,9.54,3.23,3.19,1.08
27_ZHRD_p,0.927712884068044,4,ZH,rural,D,B.lapidarius,2.88,5.56,2.27,7.83,2.72,8.69,3.02,2.84,0.99
27_ZHRE_l,0.4576649892707351,3,ZH,rural,E,B.pascuorum,3.27,5.58,2.39,7.97,2.44,9.94,3.04,3.4,1.04
27_ZHRE_p,0.18106882459019588,3,ZH,rural,E,B.lapidarius,3.14,6.49,2.65,9.14,2.91,10.35,3.3,3.69,1.18
27_ZHRF_l,0.9121690167881616,3,ZH,rural,F,B.pascuorum,3.38,5.29,2.31,7.6,2.25,9.95,2.94,3.36,0.99
27_ZHRF_p,0.2135978695433523,2,ZH,rural,F,B.lapidarius,3.57,7.62,2.79,10.41,2.92,11.25,3.15,3.88,1.09
27_ZHUA_l,1.0965328943870556,4,ZH,urban,A,B.pascuorum,3.6,5.91,1.82,7.73,2.15,11.47,3.19,3.87,1.08
27_ZHUA_p,1.4817545857206715,6,ZH,urban,A,B.lapidarius,3.19,4.7,2.45,7.15,2.24,9.98,3.13,3.16,0.99
27_ZHUB_l,0.5023993976589379,3,ZH,urban,B,B.pascuorum,3.56,5.23,2.51,7.74,2.17,10.66,2.99,3.5,0.98
27_ZHUB_p,0.06411162856042808,2,ZH,urban,B,B.lapidarius,3.14,6.53,2.72,9.25,2.95,11,3.5,3.54,1.13
27_ZHUC_l,0.29577079580738286,2,ZH,urban,C,B.pascuorum,3.7,4.15,2.6,6.75,1.82,11.37,3.07,4,1.08
27_ZHUC_p,0.5937718465506716,4,ZH,urban,C,B.lapidarius,2.97,6.01,2.25,8.26,2.78,9.44,3.18,3.06,1.03
28_BERD_p,0,1,BE,rural,D,B.lapidarius,3.54,7.3,2.91,10.21,2.88,11.03,3.12,3.82,1.08
28_BEUB_p,1.8281568841358522,9,BE,urban,B,B.lapidarius,3.4,7.42,2.89,10.31,3.03,10.76,3.16,3.72,1.09
28_BSRD_l,0.9411390100089407,4,BS,rural,D,B.pascuorum,3.57,6.04,2.35,8.39,2.35,11.21,3.14,3.8,1.06
28_BSRD_p,0,1,BS,rural,D,B.lapidarius,3.7,7.6,2.97,10.57,2.86,11.68,3.16,3.83,1.04
28_BSRE_l,0.9159075777944476,5,BS,rural,E,B.pascuorum,3.49,5.8,2.51,8.31,2.38,11.02,3.16,3.84,1.1
28_BSRE_p,0.6669606365819627,3,BS,rural,E,B.lapidarius,3.15,5.9,2.59,8.49,2.7,9.69,3.08,3.34,1.06
28_BSRF_l,0.6835207116842841,3,BS,rural,F,B.pascuorum,3.36,5.38,2.43,7.81,2.32,10.33,3.07,3.64,1.08
28_BSRF_p,1.1438241127267896,7,BS,rural,F,B.lapidarius,3.39,7.06,2.79,9.85,2.91,10.5,3.1,3.66,1.08
28_BSUA_l,1.1285369803564547,8,BS,urban,A,B.pascuorum,3.05,4.86,2.14,7,2.3,9.59,3.14,3.23,1.06
28_BSUA_p,0.4266912876071373,4,BS,urban,A,B.lapidarius,3.03,6.4,2.51,8.91,2.94,9.87,3.26,3.05,1.01
28_BSUB_l,0.5959842086613933,6,BS,urban,B,B.pascuorum,3.32,4.23,2.16,6.39,1.92,9.73,2.93,3.44,1.04
28_BSUB_p,0,1,BS,urban,B,B.lapidarius,3.36,6.55,2.59,9.14,2.72,10.02,2.98,3.34,0.99
28_BSUC_l,0.9640200048397949,4,BS,urban,C,B.pascuorum,3.01,4.33,1.97,6.3,2.09,8.37,2.78,2.83,0.94
28_BSUC_p,0,1,BS,urban,C,B.lapidarius,3.45,6.87,2.68,9.55,2.77,10.56,3.06,3.42,0.99
28_ZHRD_l,1.035652579064398,5,ZH,rural,D,B.pascuorum,3.3,5.36,2.22,7.58,2.3,10.12,3.07,3.26,0.99
28_ZHRD_p,0.7135556628012608,5,ZH,rural,D,B.lapidarius,3.58,6.23,2.8,9.03,2.52,10.74,3,3.9,1.09
28_ZHRE_l,0.6564129586363566,4,ZH,rural,E,B.pascuorum,3.51,6.04,2.58,8.62,2.46,11.57,3.3,4.28,1.22
28_ZHRE_p,0,1,ZH,rural,E,B.lapidarius,3.5,7.36,2.89,10.25,2.93,11.14,3.18,3.7,1.06
28_ZHRF_l,0.9067982212705514,5,ZH,rural,F,B.pascuorum,3.63,6.1,2.46,8.56,2.36,11.43,3.15,3.83,1.06
28_ZHRF_p,0,1,ZH,rural,F,B.lapidarius,3.59,7.07,2.78,9.85,2.74,11.06,3.08,3.78,1.05
28_ZHUA_l,1.736688784586948,8,ZH,urban,A,B.pascuorum,2.95,4.61,2.04,6.65,2.25,8.82,2.99,2.93,0.99
28_ZHUA_p,0.7235005234257688,6,ZH,urban,A,B.lapidarius,3.22,6.03,2.39,8.42,2.61,9.19,2.85,3.04,0.94
28_ZHUB_l,0.36666044295927863,3,ZH,urban,B,B.pascuorum,3.06,4.84,2.1,6.94,2.27,9.36,3.06,3.22,1.05
28_ZHUB_p,0,1,ZH,urban,B,B.lapidarius,3.73,5.31,2.76,8.07,2.16,11,2.95,3.61,0.97
28_ZHUC_l,1.1893821284021986,5,ZH,urban,C,B.pascuorum,3.42,5.78,2.41,8.19,2.39,10.4,3.04,3.63,1.06
28_ZHUC_p,0.2541548533350443,3,ZH,urban,C,B.lapidarius,3.42,7.56,2.76,10.32,3.02,11.68,3.42,3.57,1.04
29_BERD_p,0.43767154512143813,2,BE,rural,D,B.lapidarius,3.46,7.44,2.87,10.31,2.98,11.34,3.28,4.2,1.21
29_BEUA_p,0.2669596621510693,2,BE,urban,A,B.lapidarius,3.6,5.89,2.51,8.4,2.33,10.49,2.91,3.45,0.96
29_BEUB_p,1.8909422548703105,13,BE,urban,B,B.lapidarius,2.79,6.15,2.29,8.44,3.03,9.47,3.39,3.22,1.15
29_BSRD_l,0.21607749821178282,2,BS,rural,D,B.pascuorum,3.48,5.74,2.52,8.26,2.37,10.87,3.12,3.9,1.12
29_BSRD_p,0,1,BS,rural,D,B.lapidarius,3.83,6.93,3.01,9.94,2.6,11.84,3.09,4.1,1.07
29_BSRE_l,0.38098016368999427,3,BS,rural,E,B.pascuorum,3.64,5.62,2.43,8.05,2.21,10.89,2.99,3.69,1.01
29_BSRE_p,0.10149021073078779,2,BS,rural,E,B.lapidarius,3.3,6.38,2.57,8.95,2.71,9.66,2.93,3.37,1.02
29_BSRF_l,0.34276376241276996,2,BS,rural,F,B.pascuorum,3.69,6.02,2.65,8.67,2.35,11.09,3.01,4.06,1.1
29_BSRF_p,0.6266649102089663,7,BS,rural,F,B.lapidarius,3.4,6.95,2.88,9.83,2.89,10.91,3.21,3.71,1.09
29_BSUA_l,1.4972300127232336,10,BS,urban,A,B.pascuorum,3.27,4.98,2.31,7.29,2.23,9.88,3.02,3.47,1.06
29_BSUA_p,0.6988958448237822,3,BS,urban,A,B.lapidarius,3.16,4.86,2.52,7.38,2.34,9.89,3.13,3.14,0.99
29_BSUB_l,1.9056105778858021,9,BS,urban,B,B.pascuorum,3.31,3.63,2.46,6.09,1.84,10.21,3.08,3.54,1.07
29_BSUB_p,0.24405885795887855,3,BS,urban,B,B.lapidarius,2.77,6.03,2.46,8.49,3.06,9.14,3.3,2.91,1.05
29_BSUC_l,1.1434195408423737,5,BS,urban,C,B.pascuorum,3.42,5.23,2.05,7.28,2.13,10.13,2.96,3.44,1.01
29_BSUC_p,2.1814157938410768,12,BS,urban,C,B.lapidarius,2.92,5.92,2.46,8.38,2.87,9.32,3.19,3.17,1.09
29_ZHRD_l,1.0955737470449893,6,ZH,rural,D,B.pascuorum,3.31,5.34,2.38,7.72,2.33,10.14,3.06,3.23,0.98
29_ZHRD_p,0.08708605507511884,2,ZH,rural,D,B.lapidarius,3.09,5.9,2.42,8.32,2.69,9.51,3.08,3.27,1.06
29_ZHRE_l,0.1303615781143435,3,ZH,rural,E,B.pascuorum,3.28,3.39,2.18,5.57,1.7,9.69,2.95,3.34,1.02
29_ZHRE_p,0.5039624128601141,2,ZH,rural,E,B.lapidarius,3.17,6.2,2.48,8.68,2.74,9.76,3.08,3.33,1.05
29_ZHRF_l,0.2192929869320378,3,ZH,rural,F,B.pascuorum,3.86,6.23,2.71,8.94,2.32,11.44,2.96,3.92,1.02
29_ZHRF_p,0,1,ZH,rural,F,B.lapidarius,2.62,5.61,2.31,7.92,3.02,8.73,3.33,2.98,1.14
29_ZHUA_l,0.7813575303794573,5,ZH,urban,A,B.pascuorum,3.25,5.63,3.43,9.06,2.79,10.2,3.14,3.45,1.06
29_ZHUA_p,0.17892598749614352,3,ZH,urban,A,B.lapidarius,3.16,5.26,2.43,7.69,2.43,9.57,3.03,3.18,1.01
29_ZHUB_l,1.283907705759055,6,ZH,urban,B,B.pascuorum,3.38,3.83,2.39,6.22,1.84,10.52,3.11,3.42,1.01
29_ZHUC_l,1.5667217736850418,6,ZH,urban,C,B.pascuorum,3.76,5.8,2.44,8.24,2.19,10.96,2.91,3.67,0.98
29_ZHUC_p,0,1,ZH,urban,C,B.lapidarius,2.96,6.73,2.64,9.37,3.17,10.21,3.45,3.33,1.13
30_BERD_p,0,1,BE,rural,D,B.lapidarius,2.86,6.06,2.46,8.52,2.98,9.33,3.26,3.25,1.14
30_BEUB_p,1.233480508797702,5,BE,urban,B,B.lapidarius,3.84,7.84,3.05,10.89,2.84,11.86,3.09,3.93,1.02
30_BSRD_l,0.662566302111895,4,BS,rural,D,B.pascuorum,3.36,5.47,2.35,7.82,2.33,10.2,3.04,3.58,1.07
30_BSRD_p,0,1,BS,rural,D,B.lapidarius,3.54,7.27,2.86,10.13,2.86,11.09,3.13,3.61,1.02
30_BSRE_l,0.5426355894065826,4,BS,rural,E,B.pascuorum,3.31,5.33,2.36,7.69,2.32,9.88,2.98,3.46,1.05
30_BSRE_p,0.12300542662126954,2,BS,rural,E,B.lapidarius,3.6,7.11,2.88,9.99,2.78,11.09,3.08,3.73,1.04
30_BSRF_l,0.7511028831922961,3,BS,rural,F,B.pascuorum,3.71,5.74,2.52,8.26,2.23,10.84,2.92,3.91,1.05
30_BSUA_l,1.050913079918638,7,BS,urban,A,B.pascuorum,3.03,5.01,2.29,7.3,2.41,9.44,3.12,3.36,1.11
30_BSUA_p,0.08316690293666792,2,BS,urban,A,B.lapidarius,2.98,4.25,2.49,6.74,2.26,9.66,3.24,3.14,1.05
30_BSUB_l,0.16485711636059955,3,BS,urban,B,B.pascuorum,3.51,5.55,2.52,8.07,2.3,10.97,3.13,3.75,1.07
30_BSUB_p,0.33387214823823325,5,BS,urban,B,B.lapidarius,3.05,4.41,2.53,6.94,2.28,9.64,3.16,3.11,1.02
30_BSUC_l,1.981834413467609,12,BS,urban,C,B.pascuorum,3.26,5.96,2.54,8.5,2.61,10.62,3.26,3.7,1.13
30_BSUC_p,0.15460193616926404,3,BS,urban,C,B.lapidarius,3.59,6.7,2.66,9.36,2.61,11.49,3.2,3.53,0.98
30_ZHRD_l,0.07066255325675724,2,ZH,rural,D,B.pascuorum,3.37,5.3,2.26,7.56,2.24,9.89,2.93,3.19,0.95
30_ZHRD_p,0.7953507294200828,3,ZH,rural,D,B.lapidarius,3.51,5.6,2.53,8.13,2.32,10.22,2.91,3.55,1.01
30_ZHRE_l,0.8986267066421633,5,ZH,rural,E,B.pascuorum,3.25,5.28,2.29,7.57,2.33,10.01,3.08,3.54,1.09
30_ZHRE_p,0.32628111368221596,4,ZH,rural,E,B.lapidarius,3.47,7.11,2.83,9.94,2.86,10.93,3.15,3.72,1.07
30_ZHRF_l,0.9862912468728711,3,ZH,rural,F,B.pascuorum,3.32,5.26,2.09,7.35,2.21,10.71,3.23,3.41,1.03
30_ZHRF_p,0.09535703000584975,2,ZH,rural,F,B.lapidarius,3.4,7.23,2.76,9.99,2.94,11.07,3.26,3.68,1.08
30_ZHUA_l,1.7444412817867618,12,ZH,urban,A,B.pascuorum,3.15,4.78,2.15,6.93,2.2,9.46,3,3.32,1.05
30_ZHUA_p,1.0852247034754317,6,ZH,urban,A,B.lapidarius,3.02,6.06,3.41,9.47,3.14,9.22,3.05,3.01,1
30_ZHUB_l,0,1,ZH,urban,B,B.pascuorum,3.51,5.8,2.42,8.22,2.34,10.97,3.13,3.86,1.1
30_ZHUB_p,0,1,ZH,urban,B,B.lapidarius,3.54,6.49,2.71,9.2,2.6,10.54,2.98,3.93,1.11
30_ZHUC_l,1.745975001772816,9,ZH,urban,C,B.pascuorum,3.46,5.5,2.44,7.94,2.29,10.47,3.03,3.51,1.01
30_ZHUC_p,0.5269111198376997,3,ZH,urban,C,B.lapidarius,2.75,5.42,2.22,7.64,2.78,8.62,3.13,2.93,1.07
31_BERD_p,0,1,BE,rural,D,B.lapidarius,3.56,7.53,2.9,10.43,2.93,11.19,3.14,4.03,1.13
31_BEUA_p,0.4852243908199747,3,BE,urban,A,B.lapidarius,3.17,6.5,2.7,9.2,2.9,9.92,3.13,3.29,1.04
31_BEUB_p,1.2417805309832297,8,BE,urban,B,B.lapidarius,2.58,5.11,2.05,7.16,2.78,8.52,3.3,2.92,1.13
31_BSRD_l,0.6475323811721576,4,BS,rural,D,B.pascuorum,3.27,5.52,2.45,7.97,2.44,10.31,3.15,3.44,1.05
31_BSRD_p,0.11525388889265946,2,BS,rural,D,B.lapidarius,3.64,7.63,2.98,10.61,2.91,11.65,3.2,3.83,1.05
31_BSRE_l,0.3380885067482913,3,BS,rural,E,B.pascuorum,3.53,5.73,2.52,8.25,2.34,10.35,2.93,3.58,1.01
31_BSRE_p,0.08415413447442693,2,BS,rural,E,B.lapidarius,3.51,7.26,2.8,10.06,2.87,10.81,3.08,3.86,1.1
31_BSRF_p,0.44193793556843275,5,BS,rural,F,B.lapidarius,3.42,7.42,2.88,10.3,3.01,10.9,3.19,3.68,1.08
31_BSUA_l,2.0384536820549326,13,BS,urban,A,B.pascuorum,3.38,5.56,2.25,7.81,2.31,10.32,3.05,3.45,1.02
31_BSUA_p,0.19693090414159437,3,BS,urban,A,B.lapidarius,3.82,7.31,3.14,10.45,2.74,12.06,3.16,3.88,1.02
31_BSUB_l,0.6637416134083874,3,BS,urban,B,B.pascuorum,3.56,5.76,2.5,8.26,2.32,10.86,3.05,3.99,1.12
31_BSUB_p,0.10644076244795772,2,BS,urban,B,B.lapidarius,3.42,5.51,2.91,8.42,2.46,11.37,3.32,3.87,1.13
31_BSUC_l,1.2184204323660197,6,BS,urban,C,B.pascuorum,3.95,6.15,2.67,8.82,2.23,11.48,2.91,3.69,0.93
31_BSUC_p,0.9675452813518901,4,BS,urban,C,B.lapidarius,2.45,4.55,1.9,6.45,2.63,7.7,3.14,2.45,1
31_ZHRD_l,0.5435936783967644,4,ZH,rural,D,B.pascuorum,3.6,5.75,2.46,8.21,2.28,10.91,3.03,3.27,0.91
31_ZHRD_p,0.29686296729564376,4,ZH,rural,D,B.lapidarius,3.9,6.87,2.67,9.54,2.45,10.78,2.76,3.57,0.92
31_ZHRE_l,0,1,ZH,rural,E,B.pascuorum,2.82,4.6,2.14,6.74,2.39,8.98,3.18,2.95,1.05
31_ZHRE_p,0,1,ZH,rural,E,B.lapidarius,3.12,6.15,2.54,8.69,2.79,9.86,3.16,3.21,1.03
31_ZHRF_l,0.7669902855340993,6,ZH,rural,F,B.pascuorum,3.19,5.09,2.14,7.23,2.27,9.88,3.1,3.42,1.07
31_ZHRF_p,0,1,ZH,rural,F,B.lapidarius,3.66,7.58,2.91,10.49,2.87,11.37,3.11,3.79,1.04
31_ZHUA_l,0.5232757586001245,5,ZH,urban,A,B.pascuorum,3.54,4.82,2.46,7.28,2.06,10.89,3.08,3.83,1.08
31_ZHUA_p,0.45255162200985,4,ZH,urban,A,B.lapidarius,3.47,6.56,2.53,9.09,2.62,9.81,2.83,3.34,0.96
31_ZHUB_l,1.005414485259862,5,ZH,urban,B,B.pascuorum,3.37,5.27,2.38,7.65,2.27,10.15,3.01,3.66,1.09
31_ZHUB_p,1.182298025990263,5,ZH,urban,B,B.lapidarius,3.42,6.72,2.51,9.23,2.7,9.15,2.68,3.51,1.03
31_ZHUC_l,2.194187298749357,11,ZH,urban,C,B.pascuorum,3.45,5.88,2.56,8.44,2.45,11.33,3.28,3.78,1.1
31_ZHUC_p,0.8505923574168621,3,ZH,urban,C,B.lapidarius,3.28,6.45,2.53,8.98,2.74,9.8,2.99,3.35,1.02
32_BERD_p,0,1,BE,rural,D,B.lapidarius,3.11,6.73,2.72,9.45,3.04,10.2,3.28,3.44,1.11
32_BEUA_p,0.27133586840256907,4,BE,urban,A,B.lapidarius,4.3,8.73,3.23,11.96,2.78,12.74,2.96,4.01,0.93
32_BEUB_p,0.7013992976035452,4,BE,urban,B,B.lapidarius,3.16,5.79,2.63,8.42,2.66,10.06,3.18,3.21,1.02
32_BSRD_l,0.06735475205120446,2,BS,rural,D,B.pascuorum,3.94,6.16,2.68,8.84,2.24,11.47,2.91,3.9,0.99
32_BSRD_p,0,1,BS,rural,D,B.lapidarius,3.67,7.41,2.92,10.33,2.81,11.34,3.09,3.76,1.02
32_BSRE_l,0,1,BS,rural,E,B.pascuorum,3.09,4.65,2.13,6.78,2.19,9.03,2.92,3.18,1.03
32_BSRE_p,0.7513219941675258,4,BS,rural,E,B.lapidarius,3.1,6.76,2.71,9.47,3.05,10.34,3.34,3.7,1.19
32_BSRF_l,0.07205298351185495,2,BS,rural,F,B.pascuorum,3.23,5.44,2.38,7.82,2.42,10.12,3.13,3.71,1.15
32_BSRF_p,0.4163209311279149,6,BS,rural,F,B.lapidarius,3.63,7.3,2.93,10.23,2.82,11.2,3.09,3.91,1.08
32_BSUA_l,1.605838462146617,9,BS,urban,A,B.pascuorum,3.23,5.41,2.32,7.73,2.39,10.26,3.18,3.34,1.03
32_BSUB_l,0,1,BS,urban,B,B.pascuorum,3.11,5.02,2.07,7.09,2.28,10.06,3.23,3.51,1.13
32_BSUB_p,0.06228794202990071,2,BS,urban,B,B.lapidarius,3.42,5.04,2.84,7.88,2.3,10.96,3.2,3.58,1.05
32_ZHRD_l,0.06307422705505415,2,ZH,rural,D,B.pascuorum,3.3,4.84,2.19,7.03,2.13,9.47,2.87,3.24,0.98
32_ZHRD_p,0.05869266702549932,2,ZH,rural,D,B.lapidarius,3.58,7.05,2.75,9.8,2.74,10.83,3.03,3.71,1.04
32_ZHRE_l,0.5010276044798895,5,ZH,rural,E,B.pascuorum,3.54,5.69,2.54,8.23,2.32,10.67,3.01,3.81,1.08
32_ZHRE_p,0.16200349221453944,2,ZH,rural,E,B.lapidarius,3.46,7.19,2.86,10.05,2.9,10.8,3.12,3.78,1.09
32_ZHRF_l,0,1,ZH,rural,F,B.pascuorum,4.11,6.45,2.84,9.29,2.26,12.38,3.01,4.13,1
32_ZHRF_p,0,1,ZH,rural,F,B.lapidarius,3.86,7.91,2.97,10.88,2.82,11.68,3.03,3.92,1.02
32_ZHUA_l,0.9962084548138228,5,ZH,urban,A,B.pascuorum,3.11,5.22,2.35,7.57,2.43,10.08,3.24,3.57,1.15
32_ZHUA_p,1.7861652147807863,9,ZH,urban,A,B.lapidarius,2.67,5.35,2.13,7.48,2.8,8.53,3.19,2.84,1.06
32_ZHUB_l,0.17746639644575624,3,ZH,urban,B,B.pascuorum,3.02,5.08,2.23,7.31,2.42,9.79,3.24,3.19,1.06
32_ZHUB_p,1.1572919452210646,4,ZH,urban,B,B.lapidarius,3.2,5.93,2.52,8.45,2.64,10.04,3.14,3.46,1.08
32_ZHUC_l,0.8324752223176828,7,ZH,urban,C,B.pascuorum,3.1,5.13,2.13,7.26,2.34,9.59,3.09,3.11,1
32_ZHUC_p,0.7553698181132977,3,ZH,urban,C,B.lapidarius,3.16,5.2,2.5,7.7,2.44,9.61,3.04,3.22,1.02
33_BERD_p,0,1,BE,rural,D,B.lapidarius,3.59,7.92,2.94,10.86,3.03,11.78,3.28,3.94,1.1
33_BEUA_p,0.07829590638360051,2,BE,urban,A,B.lapidarius,3.32,6.63,2.65,9.28,2.8,10.46,3.15,3.43,1.03
33_BEUB_p,2.079919520055227,12,BE,urban,B,B.lapidarius,2.89,5.71,2.25,7.96,2.75,9.11,3.15,2.93,1.01
33_BSRD_l,0.26122421059185197,2,BS,rural,D,B.pascuorum,3.58,6.07,2.52,8.59,2.4,11.62,3.25,3.92,1.09
33_BSRD_p,0.06918119723038701,2,BS,rural,D,B.lapidarius,3.43,7.13,2.73,9.86,2.87,10.36,3.02,3.61,1.05
33_BSRE_l,0,1,BS,rural,E,B.pascuorum,3.53,5.73,2.39,8.12,2.3,10.81,3.06,3.63,1.03
33_BSRE_p,0.06778546031347929,2,BS,rural,E,B.lapidarius,3.23,6.42,2.58,9,2.79,9.89,3.06,3.45,1.07
33_BSRF_l,0.4831582496302229,4,BS,rural,F,B.pascuorum,3.44,5.27,2.3,7.57,2.2,10.06,2.92,3.15,0.92
33_BSRF_p,0.37507993146859175,4,BS,rural,F,B.lapidarius,3.04,6.67,2.64,9.31,3.06,9.9,3.26,3.31,1.09
33_BSUB_l,0,1,BS,urban,B,B.pascuorum,3.55,5.58,2.44,8.02,2.26,11.05,3.11,3.64,1.03
33_BSUB_p,0.12340820547046813,2,BS,urban,B,B.lapidarius,2.84,6.28,2.48,8.76,3.08,9.57,3.37,3.13,1.1
33_ZHRD_l,0,1,ZH,rural,D,B.pascuorum,3.75,6.18,2.57,8.75,2.33,11.14,2.97,3.94,1.05
33_ZHRD_p,1.7876580569068958,8,ZH,rural,D,B.lapidarius,2.77,4.11,2.17,6.28,2.27,8.22,2.97,2.69,0.97
33_ZHRE_l,0.38054672593990546,4,ZH,rural,E,B.pascuorum,3.43,5.43,2.26,7.69,2.24,10.29,3,3.52,1.03
33_ZHRE_p,0,1,ZH,rural,E,B.lapidarius,3.47,6.88,2.55,9.43,2.72,10.46,3.01,3.79,1.09
33_ZHRF_l,0.05670013340270655,2,ZH,rural,F,B.pascuorum,3.33,5.19,2.32,7.51,2.26,10.57,3.17,3.51,1.05
33_ZHRF_p,1.278978006734465,7,ZH,rural,F,B.lapidarius,3.02,6.41,2.6,9.01,2.98,9.8,3.25,3.29,1.09
33_ZHUA_p,0,1,ZH,urban,A,B.lapidarius,2.95,4.47,2.27,6.74,2.28,9.06,3.07,2.74,0.93
33_ZHUB_l,1.045162049561129,4,ZH,urban,B,B.pascuorum,3.22,5.35,2.32,7.67,2.38,10.29,3.2,3.38,1.05
33_ZHUB_p,0,1,ZH,urban,B,B.lapidarius,3.7,6.94,2.99,9.93,2.68,12,3.24,3.76,1.02
33_ZHUC_p,1.1944636293776372,9,ZH,urban,C,B.lapidarius,3.03,5.85,2.4,8.25,2.72,9.14,3.02,3.08,1.02
34_BERD_p,0,1,BE,rural,D,B.lapidarius,3.6,7.27,2.91,10.18,2.83,11.05,3.07,3.67,1.02
34_BEUB_p,0.8196691922876966,6,BE,urban,B,B.lapidarius,2.9,5.72,2.43,8.15,2.81,9.03,3.11,2.78,0.96
34_BSRD_l,0.6295822518743049,4,BS,rural,D,B.pascuorum,3.57,5.32,2.32,7.64,2.14,10.19,2.85,3.58,1
34_BSRD_p,0,1,BS,rural,D,B.lapidarius,3.56,7.28,2.93,10.21,2.87,11.26,3.16,3.58,1.01
34_BSRE_l,0.20193780329855548,3,BS,rural,E,B.pascuorum,3.52,5.54,2.42,7.96,2.26,10.39,2.95,3.14,0.89
34_BSRE_p,0.09743741948325317,2,BS,rural,E,B.lapidarius,3.4,6.68,2.63,9.31,2.74,10.13,2.98,3.63,1.07
34_BSRF_l,0.05634580124014301,2,BS,rural,F,B.pascuorum,3.41,5.35,2.42,7.77,2.28,10.15,2.98,3.54,1.04
34_BSRF_p,0.8548739400184597,6,BS,rural,F,B.lapidarius,2.62,4.66,2.13,6.79,2.59,7.54,2.88,2.58,0.98
34_BSUB_l,0.10391037849692333,2,BS,urban,B,B.pascuorum,3.64,5.98,2.61,8.59,2.36,11.44,3.14,3.97,1.09
34_BSUB_p,0.13206103106096295,2,BS,urban,B,B.lapidarius,3.09,6.43,2.58,9.01,2.92,9.92,3.21,3.26,1.06
34_ZHRD_l,0,1,ZH,rural,D,B.pascuorum,3.41,5.31,2.29,7.6,2.23,10.21,2.99,3.44,1.01
34_ZHRD_p,1.4873596827345876,7,ZH,rural,D,B.lapidarius,3.31,6.01,2.43,8.44,2.55,9.05,2.73,3.25,0.98
34_ZHRE_p,0.07787954173904285,2,ZH,rural,E,B.lapidarius,3.18,6.49,2.59,9.08,2.86,9.97,3.14,3.47,1.09
34_ZHRF_p,0.45538379258589884,3,ZH,rural,F,B.lapidarius,3.33,6.45,2.57,9.02,2.71,10.67,3.2,3.54,1.06
34_ZHUA_p,0.07496871483327114,2,ZH,urban,A,B.lapidarius,3.77,5.15,2.7,7.85,2.08,10.77,2.86,3.62,0.96
34_ZHUB_l,0.4471122522112011,4,ZH,urban,B,B.pascuorum,3.6,6.96,2.77,9.73,2.7,10.06,2.79,3.72,1.03
34_ZHUB_p,0.42881162135444406,6,ZH,urban,B,B.lapidarius,3.83,7.18,2.8,10,2.61,11,2.87,3.56,0.93
34_ZHUC_p,1.7983879203415474,9,ZH,urban,C,B.lapidarius,3.34,7.07,2.7,9.77,2.93,10.56,3.16,3.68,1.1
35_BERD_p,0.10758783264659348,2,BE,rural,D,B.lapidarius,3.27,7.02,2.79,9.81,3,10.49,3.21,3.48,1.06
35_BEUB_p,0.08622704712728696,2,BE,urban,B,B.lapidarius,3.5,7.47,2.93,10.4,2.97,11.15,3.19,3.71,1.06
35_BSRD_l,0.35033084662649105,2,BS,rural,D,B.pascuorum,3.05,4.59,2.07,6.66,2.18,9.01,2.95,3.15,1.03
35_BSRD_p,0,1,BS,rural,D,B.lapidarius,3.87,7.49,2.89,10.38,2.68,11.73,3.03,3.99,1.03
35_BSRE_l,0.0680007694182685,2,BS,rural,E,B.pascuorum,3.63,5.44,2.51,7.95,2.19,10.62,2.93,3.84,1.06
35_BSRF_l,0.11162757158565842,2,BS,rural,F,B.pascuorum,3.31,5.38,2.35,7.73,2.34,10.01,3.02,3.48,1.05
35_BSRF_p,0.20346759033755826,2,BS,rural,F,B.lapidarius,3.27,6.4,2.55,8.95,2.74,9.88,3.02,3.4,1.04
35_BSUB_l,0.14161886903498863,2,BS,urban,B,B.pascuorum,3.21,5.35,2.29,7.64,2.38,10.19,3.17,3.28,1.02
35_BSUB_p,0.1621554964546442,3,BS,urban,B,B.lapidarius,3.58,7.47,2.88,10.35,2.89,11.29,3.15,3.7,1.03
35_ZHRD_l,0.06575220699078406,2,ZH,rural,D,B.pascuorum,3.63,5.75,2.28,8.03,2.21,11.04,3.04,3.52,0.97
35_ZHRD_p,1.3665390756200249,9,ZH,rural,D,B.lapidarius,3.41,6.41,2.54,8.95,2.62,9.98,2.93,3.29,0.96
35_ZHRE_p,0,1,ZH,rural,E,B.lapidarius,3.01,6.27,2.54,8.81,2.93,9.37,3.11,2.97,0.99
35_ZHRF_p,0.6856692707115404,2,ZH,rural,F,B.lapidarius,3.26,7.15,2.63,9.78,3,10.19,3.13,3.46,1.06
35_ZHUA_p,0.7500665936362639,3,ZH,urban,A,B.lapidarius,2.48,3.86,1.55,5.41,2.18,6.89,2.78,2.1,0.85
35_ZHUB_l,0.3315604246304498,5,ZH,urban,B,B.pascuorum,3.23,5.41,2.35,7.76,2.4,10.12,3.13,3.64,1.13
35_ZHUB_p,0.6468608376550444,4,ZH,urban,B,B.lapidarius,3.59,6.92,2.73,9.65,2.69,11.2,3.12,3.54,0.99
36_BERD_p,0.668708827042403,2,BE,rural,D,B.lapidarius,3.7,7.51,2.95,10.46,2.83,11.24,3.04,3.88,1.05
36_BEUB_p,0.16396641934630035,2,BE,urban,B,B.lapidarius,3.32,7.08,2.79,9.87,2.97,10.68,3.22,3.59,1.08
36_BSRD_l,0,1,BS,rural,D,B.pascuorum,3.25,3.71,2.39,6.1,1.88,10.08,3.1,3.48,1.07
36_BSRD_p,0,1,BS,rural,D,B.lapidarius,3.61,7.45,2.81,10.26,2.84,11.09,3.07,3.92,1.09
36_BSRE_l,0.27737233942012374,3,BS,rural,E,B.pascuorum,3.61,5.86,2.49,8.35,2.31,11.26,3.12,3.84,1.06
36_BSRF_l,0.0723086780963291,2,BS,rural,F,B.pascuorum,3.66,5.85,2.59,8.44,2.31,11.16,3.05,3.8,1.04
36_BSUB_l,0.9309526756568802,9,BS,urban,B,B.pascuorum,3.42,5.66,2.44,8.1,2.37,11.15,3.26,3.92,1.15
36_BSUB_p,0.12322998770024746,2,BS,urban,B,B.lapidarius,3.82,6.75,3.12,9.87,2.58,11.84,3.1,4.21,1.1
36_ZHRD_l,0.45368594878499846,4,ZH,rural,D,B.pascuorum,3.42,5.44,2.4,7.84,2.29,10.32,3.02,3.51,1.03
36_ZHUA_p,0.23282705988665936,3,ZH,urban,A,B.lapidarius,2.54,3.26,1.99,5.25,2.07,7.68,3.02,2.47,0.97
36_ZHUB_l,0.11550051222600921,2,ZH,urban,B,B.pascuorum,3.4,5.39,2.39,7.78,2.29,10.54,3.1,3.34,0.98
36_ZHUB_p,0.7451928258904469,3,ZH,urban,B,B.lapidarius,2.41,6.3,2.8,9.1,3.78,11.2,4.65,3.66,1.52
37_BSRD_l,0.8797631325656419,4,BS,rural,D,B.pascuorum,3.53,5.61,2.33,7.94,2.25,10.11,2.86,3.73,1.06
37_BSRD_p,0,1,BS,rural,D,B.lapidarius,3.66,5.9,2.66,8.56,2.34,10.67,2.92,3.69,1.01
37_BSRE_l,0.16406639415001295,2,BS,rural,E,B.pascuorum,3.35,5.79,2.46,8.25,2.46,10.62,3.17,3.66,1.09
37_BSRF_l,0.059970888281052986,2,BS,rural,F,B.pascuorum,3.27,5.19,2.28,7.47,2.28,9.9,3.03,3.38,1.03
37_BSUB_p,0,1,BS,urban,B,B.lapidarius,2.77,4.12,2.35,6.47,2.34,9.41,3.4,3.21,1.16
37_ZHRD_l,0.15039779169978995,3,ZH,rural,D,B.pascuorum,3.76,6.78,2.45,9.23,2.45,11.15,2.97,3.73,0.99
37_ZHUA_p,0.7163076201385217,4,ZH,urban,A,B.lapidarius,2.53,4.76,1.99,6.75,2.67,7.94,3.14,2.46,0.97
37_ZHUB_l,0.5845537324520781,3,ZH,urban,B,B.pascuorum,3.33,5.49,2.39,7.88,2.37,10.35,3.11,3.52,1.06
38_BSRD_l,0.2861952102701149,2,BS,rural,D,B.pascuorum,3.77,6.21,2.56,8.77,2.33,11.01,2.92,3.42,0.91
38_BSRE_l,0.10277297148356587,2,BS,rural,E,B.pascuorum,3.66,5.86,2.53,8.39,2.29,11.22,3.07,3.84,1.05
38_BSRF_l,0.0829093160093437,2,BS,rural,F,B.pascuorum,3.26,5.46,2.44,7.9,2.42,10.35,3.17,3.67,1.13
38_ZHUA_p,0.06950298469307058,2,ZH,urban,A,B.lapidarius,2.89,5.34,2.19,7.53,2.61,8.57,2.97,2.84,0.98
38_ZHUB_l,0.29803405431463637,3,ZH,urban,B,B.pascuorum,3.65,5.75,2.46,8.21,2.25,10.73,2.94,3.44,0.94
39_BSRE_l,0.18226656286369622,2,BS,rural,E,B.pascuorum,3.58,5.55,2.36,7.91,2.21,10.33,2.89,3.71,1.04
40_BSRE_l,0.46526025588429953,4,BS,rural,E,B.pascuorum,3.82,6.21,2.78,8.99,2.35,11.71,3.07,4.27,1.12
