"","sp_richn","fdis","fmpd","fori","fspe","fide_PC1","fide_PC2","fide_PC3","fide_PC4"
"01_1_BERD_l",1,0,NA,0.000277316525893153,0.463282455335456,-0.167045085081096,0.140663185670043,-0.0230162850976986,0.00874903793146375
"01_2_BERD_l",3,0.239997505627935,0.324895973375619,0.134758587485546,0.381506564722978,-0.146232186571799,0.0361901072109871,-0.0387618346501519,0.00192369487913786
"01_BEUA_l",9,0.348967916736546,0.365699595156858,0.0581497636485891,0.282155659578785,-0.0416448710792195,0.0459421480864466,-0.00985891810464475,-0.0034478508704767
"01_BEUB_l",5,0.33474699393504,0.396324007258935,0.0111013951725582,0.294100923751984,-0.0500291420944546,0.0400866109584045,-0.0186995108568343,-0.00158896553908242
"01_BEUC_l",9,0.398216225897363,0.430943128013385,0.124080164515153,0.341542987065893,-0.0414223581673738,0.0513721533795004,-0.027630524502618,0.0209087987472881
"01_BSRD_l",3,0.281923416844642,0.365930099968925,0.0724458749185657,0.309318755621092,-0.0949587680761607,0.0720795301123928,-0.0123809010519406,0.00667911597299738
"01_BSRE_l",8,0.441504950582292,0.486646010597895,0.161843000218394,0.393018340803774,-0.0416354774172458,0.0706764650498068,-0.0308334047464333,0.0149172784018718
"01_BSRF_l",2,0.141917379306796,0.214790988200454,0.105020238973067,0.403948779991782,-0.158587308976566,0.091021838307861,-0.0277831679599872,0.023167591057384
"01_BSUA_l",3,0.146645543049213,0.183714420072683,0.00299754972328237,0.377561326782746,-0.145117614830675,0.0933875080808116,-0.027698891506735,0.000986707401589453
"01_BSUB_l",5,0.293331737073009,0.344420864071322,0.0569989956092743,0.357982296423407,-0.113488282364888,0.0391372846179268,-0.0239147878371204,-0.00163027704981827
"01_BSUC_l",7,0.252869295151481,0.288261230853467,0.0721497734580222,0.344303013771624,-0.121774522105158,0.0318468858951687,-0.030556431331646,0.00936585962180051
"01_ZHRD_l",2,0.141917379306796,0.214790988200454,0.105020238973067,0.403948779991782,-0.158587308976566,0.091021838307861,-0.0277831679599872,0.023167591057384
"01_ZHRE_l",4,0.3173149377812,0.372716766621469,0.0712487445115921,0.368589745779969,-0.10664503320032,0.0532337162252647,-0.0180256146752228,-0.00112982878265835
"01_ZHRF_l",3,0.362933490980697,0.46812192940199,0.0922651169835921,0.351952132121762,-0.0896226837602404,0.0320342267213821,-0.0150033438618678,-0.00564813971582089
"01_ZHUA_l",9,0.344202561407824,0.368066116766191,0.072866655165608,0.268797855847024,-0.0109400273447607,0.0367751823504705,-0.0160622165642242,0.00991149325886146
"01_ZHUB_l",15,0.412010122929929,0.432208070954097,0.0956218965576004,0.330211363304006,-0.0312895109589216,0.00285605787092494,0.0311240565006993,0.0220864923701357
"01_ZHUC_l",4,0.309851793028757,0.342630703248867,0.00935705344724518,0.27162966064228,-0.0679619204267475,0.0720919874150525,-0.00341257612114498,0.00769663926271276
"02_1_BERD_l",2,0.435160266700763,0.6586121035125,0.0335160947652678,0.35562064585859,-0.0593692592043423,0.0273610946092339,-0.00622999038166375,-0.0272652816653835
"02_2_BERD_l",2,0.141917379306796,0.214790988200454,0.105020238973067,0.403948779991782,-0.158587308976566,0.091021838307861,-0.0277831679599872,0.023167591057384
"02_BEUA_l",4,0.239863533073588,0.302202535220438,0.0615188963255466,0.282990632824042,-0.099900704520092,0.0533939908235726,-0.0188325818481181,0.00405188025237002
"02_BEUB_l",11,0.333481393477606,0.347148318253517,0.0809361753789998,0.281471495258169,-0.0552277080973879,0.0289343650938534,-0.0198810010840901,-0.00269298381984218
"02_BEUC_l",9,0.276482633371542,0.288180073801545,0.0465038562099093,0.249737153985694,-0.0625223694211264,0.0542066199080062,-0.00745309229497197,-0.00569998290270197
"02_BSRD_l",2,0.141917379306796,0.214790988200454,0.105020238973067,0.403948779991782,-0.158587308976566,0.091021838307861,-0.0277831679599872,0.023167591057384
"02_BSRE_l",5,0.273575199136278,0.329207645525114,0.057102136718946,0.345051584275614,-0.10743516213833,0.0471204037473075,-0.0210180842016219,-0.00454666697483161
"02_BSRF_l",3,0.185929289464379,0.25812699795834,0.0713828552927742,0.382222970091033,-0.155895887593216,0.0463469527230551,-0.0302887545641396,0.018337756179053
"02_BSUA_l",5,0.237475979717261,0.274879392402203,0.0468697923677946,0.361595241197549,-0.108021447944367,0.0963518738861792,-0.00963652159392201,0.000420972862193649
"02_BSUB_l",4,0.3173149377812,0.372716766621469,0.0712487445115921,0.368589745779969,-0.10664503320032,0.0532337162252647,-0.0180256146752228,-0.00112982878265835
"02_BSUC_l",11,0.370145160141725,0.412618550591664,0.144696722264216,0.287166675441715,-0.0130651037743649,0.0458417174779256,-0.0134324339558345,0.00870895531024223
"02_ZHRD_l",6,0.282175773997084,0.320539357870803,0.126187459908737,0.226960528073481,-0.0444197171661681,0.033584625088133,-0.0114297153412363,0.00119508556349529
"02_ZHRE_l",3,0.362933490980697,0.46812192940199,0.0922651169835921,0.351952132121762,-0.0896226837602404,0.0320342267213821,-0.0150033438618678,-0.00564813971582089
"02_ZHRF_l",6,0.357607794736508,0.391517208480209,0.097899865785458,0.334879730799325,-0.0852998821401493,0.0180484030260665,-0.0207862046453302,0.000547919474141128
"02_ZHUA_l",2,0.108040914437798,0.163519189062873,0.108981394257916,0.381558845701347,-0.153920807196297,0.0791063378412955,-0.0298212389687818,0.0250056241000668
"02_ZHUB_l",4,0.299643823434992,0.353745227283634,0.117362065156307,0.365596170872742,-0.111193056825891,0.0585430315779365,0.000263935795054698,0.0198716296856556
"02_ZHUC_l",2,0.0353134154648163,0.0534466140896239,0.00423847181074263,0.440892521045022,-0.162378583300827,0.128747685203478,-0.0250543561064932,0.0105870709741465
"03_1_BERD_l",3,0.111469100408481,0.143918930450984,0.0727467016805753,0.408800048912717,-0.15829556649123,0.0996252871175448,-0.0275529210117541,0.0195867620438658
"03_2_BERD_l",1,0,NA,0.000277316525893153,0.463282455335456,-0.167045085081096,0.140663185670043,-0.0230162850976986,0.00874903793146375
"03_BEUA_l",1,0,NA,0.209763161420241,0.344615104648107,-0.150129532872037,0.0413804909456786,-0.0325500508222758,0.0375861441833043
"03_BEUB_l",6,0.342627973122167,0.391908576544849,0.102784255186077,0.384517909564638,-0.0851875146440161,0.0555044276863159,-0.0430883914893611,0.0281295250384945
"03_BEUC_l",6,0.30180091979093,0.338312757628843,0.0398125084021672,0.314092403844494,-0.0767700153515819,0.0749589176277904,-0.0177090645144891,0.0112371882099431
"03_BSRD_l",2,0.141917379306796,0.214790988200454,0.105020238973067,0.403948779991782,-0.158587308976566,0.091021838307861,-0.0277831679599872,0.023167591057384
"03_BSRE_l",3,0.362933490980697,0.46812192940199,0.0922651169835921,0.351952132121762,-0.0896226837602404,0.0320342267213821,-0.0150033438618678,-0.00564813971582089
"03_BSRF_l",2,0.141917379306796,0.214790988200454,0.105020238973067,0.403948779991782,-0.158587308976566,0.091021838307861,-0.0277831679599872,0.023167591057384
"03_BSUA_l",4,0.250446748300811,0.297423997095011,0.00496964271008527,0.301846572209889,-0.101760433732938,0.0726832510063958,-0.0179310126467371,-0.00290968496560059
"03_BSUB_l",3,0.111469100408481,0.143918930450984,0.0727467016805753,0.408800048912717,-0.15829556649123,0.0996252871175448,-0.0275529210117541,0.0195867620438658
"03_BSUC_l",11,0.399192437086429,0.430085543624585,0.0848485852862963,0.309987319323643,-0.0298583229972498,-0.0146152484701779,0.028692538172954,0.00352829215786028
"03_ZHRD_l",8,0.49365195418732,0.523507059197903,0.0528709303704681,0.39782565342304,-0.0278690016204746,-0.00397754884061148,0.0590418518018243,0.027061636535309
"03_ZHRE_l",4,0.360252698724258,0.43582849151132,0.0716350519697592,0.309799697468886,-0.0591293702333692,0.0421923963507039,-0.00246820258231461,-0.00385661014546433
"03_ZHRF_l",1,0,NA,0.0667548730046425,0.247958836381724,0.0483065666724113,-0.0859409964515757,0.0105563043343711,-0.0632796012622307
"03_ZHUA_l",6,0.251393902915453,0.277506579929121,0.0781048484390322,0.258348846295033,-0.0861616401108256,0.0391397418085953,-0.0146848016044125,0.00818331843117096
"03_ZHUB_l",4,0.464026727626627,0.546493527162857,0.00529779778575754,0.398482431318516,-0.0627754320312772,0.0336068476740851,0.0458531656365761,0.0182062070534624
"03_ZHUC_l",8,0.216003484728687,0.247217045666417,0.0329158048491177,0.31902015976338,-0.125837608144497,0.0324583150619583,-0.0255411593142953,0.0090775572952678
"04_1_BERD_l",3,0.270362251252894,0.351625055839083,0.0735117858515739,0.313153557207975,-0.0964560723085323,0.0767056667907309,-0.00950139369052929,0.018393915518925
"04_2_BERD_l",2,0.141917379306796,0.214790988200454,0.105020238973067,0.403948779991782,-0.158587308976566,0.091021838307861,-0.0277831679599872,0.023167591057384
"04_BEUB_l",1,0,NA,0.000277316525893153,0.463282455335456,-0.167045085081096,0.140663185670043,-0.0230162850976986,0.00874903793146375
"04_BEUC_l",6,0.353732858713128,0.391490490648397,0.0819053880383535,0.32527834699465,-0.0384080231157747,0.0774478468835974,0.00236751928556329,-0.0028931703319277
"04_BSRD_l",3,0.111469100408481,0.143918930450984,0.0727467016805753,0.408800048912717,-0.15829556649123,0.0996252871175448,-0.0275529210117541,0.0195867620438658
"04_BSRE_l",2,0.141917379306796,0.214790988200454,0.105020238973067,0.403948779991782,-0.158587308976566,0.091021838307861,-0.0277831679599872,0.023167591057384
"04_BSRF_l",4,0.292816732045013,0.346012547194381,0.0556784673449399,0.35181684220868,-0.108528911979093,0.0586890696975861,-0.020713255529151,0.00472928193587053
"04_BSUA_l",4,0.250446748300811,0.297423997095011,0.00496964271008527,0.301846572209889,-0.101760433732938,0.0726832510063958,-0.0179310126467371,-0.00290968496560059
"04_BSUB_l",8,0.381102705741817,0.41376031458689,0.163425066879711,0.294900515678134,-0.0127911230144053,0.0744725083021717,-0.0157757347840426,0.0110624075005125
"04_BSUC_l",8,0.469723166876071,0.516432120553676,0.192003094064756,0.396032878150335,-0.0388675480728811,0.029099514776776,-0.0574183669855651,0.00347782798312353
"04_ZHRD_l",7,0.339784485015921,0.363347688041803,0.0773989368236276,0.260672926898364,-0.0458836780506487,0.029219688213566,-0.00301851354011669,0.00687685558515434
"04_ZHRE_l",7,0.252931736787735,0.275748796646814,0.0606011674101146,0.303392275098438,-0.0938660648119639,0.0761926238276792,-0.0118294295763036,0.00431368051717662
"04_ZHRF_l",2,0.435160266700763,0.6586121035125,0.0335160947652678,0.35562064585859,-0.0593692592043423,0.0273610946092339,-0.00622999038166375,-0.0272652816653835
"04_ZHUA_l",8,0.285844043699373,0.319189014328831,0.0849613294776953,0.308223145257946,-0.0918430988764089,0.0407201324911902,-0.0273245931502847,0.00722417910273059
"04_ZHUB_l",8,0.40473529069949,0.439790614712644,0.0499655217953291,0.32004714379979,-0.0339477688733409,-0.0138539229916957,0.047711478081776,0.0137143918928718
"04_ZHUC_l",8,0.407801978617158,0.453599932903895,0.0601770815298713,0.337288325799092,-0.0482003639806053,0.027116339101396,0.0231774105791593,0.0171971681058927
"05_1_BERD_l",2,0.141917379306796,0.214790988200454,0.105020238973067,0.403948779991782,-0.158587308976566,0.091021838307861,-0.0277831679599872,0.023167591057384
"05_2_BERD_l",5,0.324327074082774,0.370713389851793,0.0589956838861667,0.250339066254977,-0.0416682667487188,0.028522481969423,-0.00293384054143784,-0.0114888771607002
"05_BEUB_l",9,0.299589828288562,0.328935522140184,0.0691007772870911,0.298426964814941,-0.074496502012756,0.0520551554605736,-0.0182437301332459,0.00810261430875151
"05_BEUC_l",9,0.349294676737403,0.376027996385013,0.0750784895384552,0.307167142032426,-0.0443267450912571,0.0521280164299503,-0.0183083102627377,0.00250077888719201
"05_BSRD_l",1,0,NA,0.000277316525893153,0.463282455335456,-0.167045085081096,0.140663185670043,-0.0230162850976986,0.00874903793146375
"05_BSRE_l",3,0.160767402680866,0.211006526929986,0.0701853944981652,0.352932166080586,-0.142590098614502,0.0682369434837336,-0.0295180994090643,0.00937372079041446
"05_BSRF_l",2,0.141917379306796,0.214790988200454,0.105020238973067,0.403948779991782,-0.158587308976566,0.091021838307861,-0.0277831679599872,0.023167591057384
"05_BSUA_l",4,0.250446748300811,0.297423997095011,0.00496964271008527,0.301846572209889,-0.101760433732938,0.0726832510063958,-0.0179310126467371,-0.00290968496560059
"05_BSUB_l",4,0.151083488349748,0.179037335417279,0.0546889526475219,0.369324771249086,-0.146370594341015,0.0803857537970283,-0.0289116813356202,0.0101365665970182
"05_BSUC_l",4,0.151083488349748,0.179037335417279,0.0546889526475219,0.369324771249086,-0.146370594341015,0.0803857537970283,-0.0289116813356202,0.0101365665970182
"05_ZHRD_l",1,0,NA,0.209763161420241,0.344615104648107,-0.150129532872037,0.0413804909456786,-0.0325500508222758,0.0375861441833043
"05_ZHRE_l",2,0.108040914437798,0.163519189062873,0.108981394257916,0.381558845701347,-0.153920807196297,0.0791063378412955,-0.0298212389687818,0.0250056241000668
"05_ZHRF_l",2,0.435160266700763,0.6586121035125,0.0335160947652678,0.35562064585859,-0.0593692592043423,0.0273610946092339,-0.00622999038166375,-0.0272652816653835
"05_ZHUA_l",10,0.27910387352719,0.311935894657302,0.0872828400759971,0.314649474944803,-0.101397286329413,0.0236345789181199,-0.0300788652533576,0.00528008347784822
"05_ZHUB_l",11,0.39558828073611,0.429079016378488,0.0420421977515096,0.3134600610526,-0.019073184716017,0.00979893933048361,0.0439769252892191,0.00730850560412951
"05_ZHUC_l",16,0.379693169562469,0.400509092860266,0.0829844418181693,0.304381894914522,-0.0388376922490636,-0.00684544115184045,0.0266794693691735,0.012847735661961
"06_BERD_l",2,0.141917379306796,0.214790988200454,0.105020238973067,0.403948779991782,-0.158587308976566,0.091021838307861,-0.0277831679599872,0.023167591057384
"06_BEUB_l",3,0.160767402680866,0.211006526929986,0.0701853944981652,0.352932166080586,-0.142590098614502,0.0682369434837336,-0.0295180994090643,0.00937372079041446
"06_BEUC_l",8,0.339592310118719,0.360683858774454,0.0981416120977373,0.333365638255636,-0.0600527948843095,0.0717238228355097,-0.0241034993012929,0.0126906448589912
"06_BSRD_l",8,0.444698746560584,0.487738611587762,0.196076265719173,0.395676839640901,-0.0420641906106213,0.0678161430437943,-0.0317619238493199,0.0244181402865357
"06_BSRE_l",4,0.287305762949596,0.372650502527845,0.0693277641247845,0.32668883365587,-0.0948659322927733,0.0296924584999063,-0.0194994984732055,-0.00878960972274683
"06_BSRF_l",1,0,NA,0.209763161420241,0.344615104648107,-0.150129532872037,0.0413804909456786,-0.0325500508222758,0.0375861441833043
"06_BSUA_l",9,0.473575198034047,0.538515876801867,0.159816832076838,0.372932623791721,-0.0265786312875739,0.0262549429346134,0.0126572555097703,0.0254937988704091
"06_BSUB_l",4,0.151083488349748,0.179037335417279,0.0546889526475219,0.369324771249086,-0.146370594341015,0.0803857537970283,-0.0289116813356202,0.0101365665970182
"06_BSUC_l",6,0.362491989345514,0.410885841063467,0.10707064747516,0.366738705866144,-0.0797510854579451,0.0927154683782002,0.00780999269058931,-0.016309185942942
"06_ZHRD_l",4,0.261198294412466,0.310770381922346,0.0546302488317042,0.330705290458534,-0.112741746407793,0.0663607780453336,-0.0157576508543914,0.0157166156653918
"06_ZHRE_l",8,0.325429839779071,0.348219589604225,0.0434552782666226,0.2646189285754,-0.0602210424695935,0.0328627044322634,-0.00758801724914086,-0.00198306519501718
"06_ZHRF_l",3,0.362933490980697,0.46812192940199,0.0922651169835921,0.351952132121762,-0.0896226837602404,0.0320342267213821,-0.0150033438618678,-0.00564813971582089
"06_ZHUA_l",6,0.373987093103496,0.404219940777619,0.0887444318406389,0.304271721935906,-0.0529813229042882,0.0345344029450269,-0.00789451949927285,0.00787497047049404
"06_ZHUB_l",10,0.448587759080057,0.507657931538508,0.166279383950149,0.360786161037203,0.00059648074502297,0.00323121541576306,0.0387077709735863,0.0243341501349681
"06_ZHUC_l",7,0.350886883273701,0.367537925055108,0.0351669358058742,0.323050329046554,-0.0663197941169922,0.0623429137093268,-0.00807192338952158,-0.0202853041416012
"07_BERD_l",2,0.141917379306796,0.214790988200454,0.105020238973067,0.403948779991782,-0.158587308976566,0.091021838307861,-0.0277831679599872,0.023167591057384
"07_BEUB_l",5,0.1583601078451,0.173368997659812,0.0487809992551293,0.345116765655813,-0.139227796260755,0.0681520971810339,-0.0294655825858481,0.0049241475486094
"07_BEUC_l",11,0.29225221652857,0.302273116128258,0.0462652479658893,0.228821987045518,-0.0434859861133622,0.0191841454531628,-0.0108491421579068,-0.0146976688610217
"07_BSRD_l",2,0.141917379306796,0.214790988200454,0.105020238973067,0.403948779991782,-0.158587308976566,0.091021838307861,-0.0277831679599872,0.023167591057384
"07_BSRE_l",1,0,NA,0.209763161420241,0.344615104648107,-0.150129532872037,0.0413804909456786,-0.0325500508222758,0.0375861441833043
"07_BSRF_l",1,0,NA,0.209763161420241,0.344615104648107,-0.150129532872037,0.0413804909456786,-0.0325500508222758,0.0375861441833043
"07_BSUA_l",4,0.257546606667184,0.307290222653314,0.00895734524075501,0.30060672700935,-0.10251868525834,0.0652229690320221,-0.0184916724673857,0.000966995305764897
"07_BSUB_l",8,0.339730084107046,0.369146497854063,0.0720021943335768,0.288319431780025,-0.0473886512330622,0.0545305541231206,0.00289829875682907,0.00358724179552306
"07_BSUC_l",3,0.134701419214802,0.177509464215464,0.0728261646880649,0.338005543220296,-0.139479097427655,0.0602932765060233,-0.0308768134149274,0.010599076152203
"07_ZHRD_l",6,0.312650826466082,0.33051227681345,0.080046781273834,0.266670936052377,-0.0601133884931827,0.0597541016171869,-0.00541849687854722,0.0131346840074065
"07_ZHRE_l",10,0.33151764486019,0.353599954695401,0.0780563049283367,0.263507927956842,-0.0547049378021057,0.0202943380992625,-0.0107536657971796,-0.000527588771246276
"07_ZHRF_l",3,0.362933490980697,0.46812192940199,0.0922651169835921,0.351952132121762,-0.0896226837602404,0.0320342267213821,-0.0150033438618678,-0.00564813971582089
"07_ZHUA_l",7,0.377950632750697,0.401532881895732,0.105356523049151,0.294026713343311,-0.0332620666319607,0.0241298169121265,-0.00896851030427021,0.014870737358022
"07_ZHUB_l",5,0.375481270115825,0.450656061085,0.0423938317121642,0.30479609252406,-0.00540911634510897,-0.018114981839964,0.0654020673982555,0.0180903751984507
"07_ZHUC_l",4,0.268038807908132,0.318902763568235,0.0637297861069261,0.337213103774885,-0.112345048628086,0.0637614577112426,-0.0142756366042136,0.0177450160860982
"08_BERD_l",2,0.435160266700763,0.6586121035125,0.0335160947652678,0.35562064585859,-0.0593692592043423,0.0273610946092339,-0.00622999038166375,-0.0272652816653835
"08_BEUB_l",7,0.386293960155364,0.430022320501363,0.187124347270777,0.369631258337844,-0.0592809560905871,0.0782951389042315,-0.034298573883918,0.0159232893452007
"08_BEUC_l",3,0.280408547911438,0.365532021742399,0.0736421332055426,0.294199956158294,-0.0962878361309538,0.0642047187996235,-0.014731237328906,0.0105787733491991
"08_BSRD_l",1,0,NA,0.000277316525893153,0.463282455335456,-0.167045085081096,0.140663185670043,-0.0230162850976986,0.00874903793146375
"08_BSRE_l",4,0.287305762949596,0.372650502527845,0.0693277641247845,0.32668883365587,-0.0948659322927733,0.0296924584999063,-0.0194994984732055,-0.00878960972274683
"08_BSRF_l",2,0.141917379306796,0.214790988200454,0.105020238973067,0.403948779991782,-0.158587308976566,0.091021838307861,-0.0277831679599872,0.023167591057384
"08_BSUA_l",6,0.35167801016441,0.378465162397895,0.0859790876767609,0.291539698324833,-0.0354400696049612,0.0446798131703285,-0.0262456822946287,0.0138375786804354
"08_BSUB_l",3,0.146645543049213,0.183714420072683,0.00299754972328237,0.377561326782746,-0.145117614830675,0.0933875080808116,-0.027698891506735,0.000986707401589453
"08_BSUC_l",2,0.148159654049634,0.22423862856122,0.00435766632197698,0.33470076250639,-0.134153879705465,0.0697496692861957,-0.0300401947112532,-0.0028944578633477
"08_ZHRD_l",9,0.390830678269762,0.42529980776137,0.175388264701761,0.306906669453982,-0.0498659529002921,0.0421346371766411,0.00395233356538895,0.0292092123653266
"08_ZHRE_l",10,0.293201133562583,0.302917161051745,0.0347113150250355,0.267274901195471,-0.0740589372796145,0.00980940311808426,-0.0154947611747307,-0.00446158652046071
"08_ZHRF_l",4,0.345385142782075,0.424005897128418,0.11775765886532,0.348119632637664,-0.0975974982607463,0.00565733129534642,-0.0264322999040212,-0.0143771291562043
"08_ZHUA_l",4,0.238973329589261,0.284371211414365,0.0569962404924966,0.352435635062102,-0.110634032281611,0.0928856916478259,-0.0118803854447293,0.0150695661743007
"08_ZHUB_l",1,0,NA,0.209763161420241,0.344615104648107,-0.150129532872037,0.0413804909456786,-0.0325500508222758,0.0375861441833043
"08_ZHUC_l",3,0.146645543049213,0.183714420072683,0.00299754972328237,0.377561326782746,-0.145117614830675,0.0933875080808116,-0.027698891506735,0.000986707401589453
"09_BERD_l",2,0.141917379306796,0.214790988200454,0.105020238973067,0.403948779991782,-0.158587308976566,0.091021838307861,-0.0277831679599872,0.023167591057384
"09_BEUB_l",2,0.141917379306796,0.214790988200454,0.105020238973067,0.403948779991782,-0.158587308976566,0.091021838307861,-0.0277831679599872,0.023167591057384
"09_BEUC_l",6,0.335596586045417,0.374654563847695,0.0986532259541164,0.275789224796775,-0.0462613766418277,0.045593750248427,-0.0191671152320471,0.0086429261766024
"09_BSRD_l",1,0,NA,0.000277316525893153,0.463282455335456,-0.167045085081096,0.140663185670043,-0.0230162850976986,0.00874903793146375
"09_BSRE_l",5,0.273575199136278,0.329207645525114,0.057102136718946,0.345051584275614,-0.10743516213833,0.0471204037473075,-0.0210180842016219,-0.00454666697483161
"09_BSRF_l",2,0.26061107645573,0.394433091432023,0.110324541545367,0.210197666338996,-0.0609505645297801,0.0268476534535954,-0.0103164273540071,0.011692005861521
"09_BSUA_l",8,0.439929448493531,0.480870412989301,0.213385780874852,0.363899631828365,-0.0156339274790427,0.0746243506766777,-0.023624945782043,0.0198816409895753
"09_BSUB_l",5,0.380647804864197,0.409900572503483,0.110742897636078,0.334289162875546,-0.0722029637075742,0.029946250584872,-0.0184853695048932,-0.00206950541107169
"09_BSUC_l",2,0.0353134154648163,0.0534466140896239,0.00423847181074263,0.440892521045022,-0.162378583300827,0.128747685203478,-0.0250543561064932,0.0105870709741465
"09_ZHRD_l",6,0.287819322837699,0.31979560128954,0.0412325336407767,0.227057190116514,-0.0300132955825262,0.0432425589689289,-0.00111113032155288,-0.00780798186570829
"09_ZHRE_l",8,0.320884520582396,0.348779797831321,0.0492265870661961,0.302423710925157,-0.0814697459092342,0.0309432907240799,-0.0106810101410987,0.00391670977189925
"09_ZHRF_l",2,0.350819347810044,0.530962696493014,0.138259017212442,0.296286970514916,-0.0509114830998127,-0.0222802527529486,-0.0109968732439524,-0.0128467285394632
"09_ZHUA_l",6,0.255412340592733,0.299702365482961,0.0518228121540213,0.337593002723351,-0.110194405151591,0.0617457388849642,-0.0240224052029672,-0.00331829518677073
"09_ZHUB_l",8,0.24174482052749,0.260956450914105,0.0625071572558214,0.309875409636624,-0.0954746192266089,0.0765437841904555,-0.0114015012499927,0.00302243099045539
"09_ZHUC_l",8,0.39029169202258,0.426438296549737,0.0528645480146528,0.315739519714127,-0.0567888961295392,0.00957913465975734,0.0278458134811193,0.0118909514817899
"10_BERD_l",3,0.279760453202462,0.3646449244758,0.0736421332055426,0.294559262671149,-0.096315404713552,0.0647861641924114,-0.0145497132685709,0.0107110165515019
"10_BEUB_l",5,0.24076655354585,0.306396254934454,0.0460419371054428,0.310678123318471,-0.105608905772008,0.0249693890720248,-0.0267069277244079,-0.00225818151400202
"10_BEUC_l",7,0.304702428137546,0.33659612475597,0.0862988650530783,0.237378616924854,-0.03169150710126,0.0418147585343544,-0.0134392268193334,0.00487432969821703
"10_BSRD_l",2,0.141917379306796,0.214790988200454,0.105020238973067,0.403948779991782,-0.158587308976566,0.091021838307861,-0.0277831679599872,0.023167591057384
"10_BSRE_l",5,0.273575199136278,0.329207645525114,0.057102136718946,0.345051584275614,-0.10743516213833,0.0471204037473075,-0.0210180842016219,-0.00454666697483161
"10_BSRF_l",2,0.141917379306796,0.214790988200454,0.105020238973067,0.403948779991782,-0.158587308976566,0.091021838307861,-0.0277831679599872,0.023167591057384
"10_BSUA_l",2,0.180680044021919,0.273458017567206,0.000396511037127502,0.357090696796825,-0.138820381485734,0.0816651697527612,-0.0280021237024586,-0.00473249090603045
"10_BSUB_l",5,0.252155099222219,0.30072692491162,0.0443486417830784,0.329095107005027,-0.108540707469987,0.0559577874191357,-0.0262172408201874,-0.0019952851431854
"10_BSUC_l",1,0,NA,0.00819962709559212,0.418502586754587,-0.157712081520557,0.116832184736912,-0.0270924271152878,0.0124251040168293
"10_ZHRD_l",2,0.141917379306796,0.214790988200454,0.105020238973067,0.403948779991782,-0.158587308976566,0.091021838307861,-0.0277831679599872,0.023167591057384
"10_ZHRE_l",8,0.304059628087379,0.335219239425497,0.0397165531284049,0.292798239752758,-0.0766965263992012,0.0408399418959845,-0.0120394560376396,-0.00588526275718337
"10_ZHRF_l",3,0.362933490980697,0.46812192940199,0.0922651169835921,0.351952132121762,-0.0896226837602404,0.0320342267213821,-0.0150033438618678,-0.00564813971582089
"10_ZHUA_l",15,0.439976691421326,0.506842766258622,0.234125971563595,0.346800523783166,0.0152079946464786,-0.0270629185063057,-0.0145435231964707,0.00862587228732917
"10_ZHUB_l",5,0.283197831736808,0.317514352945558,0.00926485211432159,0.266797940764349,-0.0764562810311827,0.061800520801425,-0.00937500587904993,0.0025576365521259
"10_ZHUC_l",4,0.468281889832335,0.538713092862601,0.252248162292462,0.475866814205974,-0.0467376874523696,0.127395164230074,-0.0438054313302851,0.0267970073684006
"11_BERD_l",3,0.239997505627935,0.324895973375619,0.134758587485546,0.381506564722978,-0.146232186571799,0.0361901072109871,-0.0387618346501519,0.00192369487913786
"11_BEUB_lB_E",6,0.252796618868163,0.28717104874352,0.0421897190713446,0.343022809643061,-0.0999313009349124,0.0764000827834417,-0.0248846997678251,0.0110160771136339
"11_BEUB_lB_F",2,0.0353134154648163,0.0534466140896239,0.00423847181074263,0.440892521045022,-0.162378583300827,0.128747685203478,-0.0250543561064932,0.0105870709741465
"11_BEUC_l",9,0.330645705736648,0.352502566774646,0.066275720286457,0.293549561442497,-0.0579265295051719,0.0525302272236282,-0.0124508118099159,-0.00185964531990506
"11_BSRD_l",1,0,NA,0.000277316525893153,0.463282455335456,-0.167045085081096,0.140663185670043,-0.0230162850976986,0.00874903793146375
"11_BSRE_l",5,0.273575199136278,0.329207645525114,0.057102136718946,0.345051584275614,-0.10743516213833,0.0471204037473075,-0.0210180842016219,-0.00454666697483161
"11_BSRF_l",2,0.141917379306796,0.214790988200454,0.105020238973067,0.403948779991782,-0.158587308976566,0.091021838307861,-0.0277831679599872,0.023167591057384
"11_BSUA_l",5,0.168866577341417,0.1961487375704,0.0437511621180176,0.364599196132355,-0.148656703128454,0.061208196222708,-0.0272969219592795,0.0153639234081315
"11_BSUB_l",7,0.301597379863909,0.325143352633333,0.0458136432028827,0.28642058270726,-0.06723864593086,0.0691730126182146,-0.00429720945272417,-0.00598680809965681
"11_BSUC_l",10,0.369147994402836,0.402740852093096,0.0333835889383878,0.29844599790762,-0.0535696843905186,-0.00171928255595593,0.00717585795052671,-0.00389180924394423
"11_ZHRD_l",7,0.301282871949974,0.30631561594998,0.0384057931900727,0.230857215602346,-0.0476617732389877,0.0489735063368598,-0.00761894280062073,0.00304229038688084
"11_ZHRE_l",4,0.29715279258312,0.342707128789125,0.0567706204209894,0.277824665093383,-0.0631314334703093,0.0722263738939619,-0.000501370474869267,0.00538883162114937
"11_ZHRF_l",7,0.282440009583097,0.32261814245166,0.0901310833545346,0.354745158250489,-0.120382648683492,0.00896930920836641,-0.0316308422077267,-0.00628145361924353
"11_ZHUA_l",15,0.303769042219192,0.318289021815667,0.0608371076436156,0.236565169896956,-0.0400191886888574,0.0137873190198253,-0.0104779398370787,0.00274599278022728
"11_ZHUB_l",1,0,NA,0.209763161420241,0.344615104648107,-0.150129532872037,0.0413804909456786,-0.0325500508222758,0.0375861441833043
"11_ZHUC_l",1,0,NA,0.00819962709559212,0.418502586754587,-0.157712081520557,0.116832184736912,-0.0270924271152878,0.0124251040168293
"12_BERD_l",2,0.141917379306796,0.214790988200454,0.105020238973067,0.403948779991782,-0.158587308976566,0.091021838307861,-0.0277831679599872,0.023167591057384
"12_BEUB_l",11,0.348844503855604,0.380692688913292,0.0907835892094066,0.321532416275844,-0.059736669336209,0.0365402410236424,-0.0282958429290521,-0.000341733242418473
"12_BEUC_l",7,0.337100070875347,0.369072933415996,0.102956913310919,0.313948376998494,-0.0637464929198481,0.076964737603692,0.00222268879038589,-0.01597911669893
"12_BSRD_l",2,0.141917379306796,0.214790988200454,0.105020238973067,0.403948779991782,-0.158587308976566,0.091021838307861,-0.0277831679599872,0.023167591057384
"12_BSRE_l",5,0.364303410375891,0.430193907101341,0.110969953317411,0.3243244583993,-0.0536476293518803,0.0371464679374941,-0.0230962129122644,0.00569435583496087
"12_BSRF_l",8,0.411591773955891,0.457864047460706,0.169436779088117,0.361925044832666,-0.0527726578135857,0.0613953846430123,-0.0284623481569182,0.0146974351617237
"12_BSUA_l",3,0.146645543049213,0.183714420072683,0.00299754972328237,0.377561326782746,-0.145117614830675,0.0933875080808116,-0.027698891506735,0.000986707401589453
"12_BSUB_l",10,0.338731320112335,0.359720094308021,0.11985010342785,0.266627409892673,-0.0694210447817816,0.0307040383979737,0.0082585290721366,0.0163868958993112
"12_BSUC_l",4,0.262569034316457,0.306519604878835,0.0244689406599793,0.221911365045705,-0.04972042478665,0.0449499900720432,-0.0093118982282024,-0.0160819618236256
"12_ZHRD_l",2,0.108040914437798,0.163519189062873,0.108981394257916,0.381558845701347,-0.153920807196297,0.0791063378412955,-0.0298212389687818,0.0250056241000668
"12_ZHRE_l",7,0.286582673688824,0.327757328500671,0.0439982240141398,0.308434789215973,-0.0922746830772649,0.0362932328470296,-0.0187789813653517,-0.00694286866043889
"12_ZHRF_l",2,0.435160266700763,0.6586121035125,0.0335160947652678,0.35562064585859,-0.0593692592043423,0.0273610946092339,-0.00622999038166375,-0.0272652816653835
"12_ZHUA_l",7,0.358671084469216,0.385070270295313,0.0981804836875597,0.282213550158129,-0.0410183897843571,0.0324860347098987,0.00146480483196164,0.00953363247677271
"12_ZHUB_l",7,0.288623757166386,0.306264869919981,0.0348777843438752,0.292806487901215,-0.0692654957061621,0.0771723745855933,0.000268841978532222,0.00512094382048067
"12_ZHUC_l",2,0.0353134154648163,0.0534466140896239,0.00423847181074263,0.440892521045022,-0.162378583300827,0.128747685203478,-0.0250543561064932,0.0105870709741465
"13_BERD_l",2,0.141917379306796,0.214790988200454,0.105020238973067,0.403948779991782,-0.158587308976566,0.091021838307861,-0.0277831679599872,0.023167591057384
"13_BEUB_l",5,0.273575199136278,0.329207645525114,0.057102136718946,0.345051584275614,-0.10743516213833,0.0471204037473075,-0.0210180842016219,-0.00454666697483161
"13_BEUC_l",4,0.324044145457957,0.380226345828009,0.157755564408026,0.432123941390307,-0.101263958203224,0.118946346918646,0.00642849683255575,-0.00877521639529448
"13_BSRD_l",1,0,NA,0.000277316525893153,0.463282455335456,-0.167045085081096,0.140663185670043,-0.0230162850976986,0.00874903793146375
"13_BSRE_l",3,0.160767402680866,0.211006526929986,0.0701853944981652,0.352932166080586,-0.142590098614502,0.0682369434837336,-0.0295180994090643,0.00937372079041446
"13_BSRF_l",6,0.286380793915251,0.329266125085896,0.0385969185210565,0.369133160100496,-0.111578190798798,0.0595010360346495,-0.0279294818758654,0.0174621895862488
"13_BSUA_l",5,0.414171275381451,0.467346375864378,0.243751162118018,0.449616472294401,-0.067416056536303,0.110192229573195,-0.0415543552286833,0.0289548347313814
"13_BSUB_l",8,0.412783627542938,0.463452311412649,0.162049575658153,0.360787000667776,-0.0501654856839994,0.0572927736732652,-0.0291642910450625,0.00790795502613092
"13_BSUC_l",7,0.345862581599641,0.410156015346745,0.207839681873568,0.323799424771767,-0.098827142930691,0.0130273918992073,-0.00836865869789479,0.0175110711290468
"13_ZHRD_l",5,0.324276215517523,0.361759501387281,0.0469541140007422,0.336134102205249,-0.0691943030044787,0.0903974809654151,-0.013333505380538,0.0146224652806209
"13_ZHRE_l",10,0.29787361201851,0.317961741971376,0.0323180488951355,0.273633395385933,-0.0727396882091193,0.0326254189629426,-0.0133469439810515,-0.00682234576834157
"13_ZHRF_l",3,0.362933490980697,0.46812192940199,0.0922651169835921,0.351952132121762,-0.0896226837602404,0.0320342267213821,-0.0150033438618678,-0.00564813971582089
"13_ZHUA_l",10,0.397259504224062,0.432325363786361,0.151238108035868,0.322497276091531,-0.0201177954019778,0.0540929669146837,-0.0287780134126535,0.0120094525225896
"13_ZHUB_l",4,0.271178910018431,0.323322899673822,0.00474295580751836,0.339761262348958,-0.113687975963081,0.0725166650222133,-0.0109711104546291,0.0165735142607212
"13_ZHUC_l",1,0,NA,0.00819962709559212,0.418502586754587,-0.157712081520557,0.116832184736912,-0.0270924271152878,0.0124251040168293
"14_BERD_l",2,0.141917379306796,0.214790988200454,0.105020238973067,0.403948779991782,-0.158587308976566,0.091021838307861,-0.0277831679599872,0.023167591057384
"14_BEUB_l",2,0.180680044021919,0.273458017567206,0.000396511037127502,0.357090696796825,-0.138820381485734,0.0816651697527612,-0.0280021237024586,-0.00473249090603045
"14_BEUC_l",7,0.34108048691099,0.370495560392912,0.104275363508047,0.304551646679456,-0.043339707581256,0.0842890294191349,0.0118929221946565,-0.013302842625207
"14_BSRD_l",2,0.141917379306796,0.214790988200454,0.105020238973067,0.403948779991782,-0.158587308976566,0.091021838307861,-0.0277831679599872,0.023167591057384
"14_BSRE_l",5,0.170179106811544,0.19480106340171,0.0437511621180181,0.358570316798701,-0.145268731277445,0.0608589146753378,-0.0326236411654384,0.00738283925392294
"14_BSRF_l",5,0.175454963608532,0.201780285177784,0.0436480210083458,0.377529908280148,-0.154709823355012,0.0532250770933273,-0.030193625594778,0.0182803133331448
"14_BSUA_l",4,0.186174154498332,0.212377037007526,0.00224816229246253,0.36205911983635,-0.144053530878797,0.0657285206077526,-0.032642038751229,-0.000167986978422396
"14_BSUB_l",9,0.287135282335639,0.312441103365924,0.0577187261898681,0.290329667484664,-0.0857844188822811,0.0395807526921762,-0.015771835424922,-0.00100644099930186
"14_BSUC_l",4,0.223027302373295,0.279055366605758,0.0573411039336721,0.272179734538052,-0.0975315456806737,0.0478625773253046,-0.0203144540778815,0.00429959159735954
"14_ZHRD_l",1,0,NA,0.00974187994830385,0.316342205064241,-0.142237080260752,-0.0112760222173252,-0.0463855884524535,-0.00287606460036678
"14_ZHRE_l",5,0.228630986341197,0.280944950175837,0.0466066135997488,0.298659123066237,-0.107396797331131,0.044309404797523,-0.0227825328342508,0.000796139874519123
"14_ZHRF_l",3,0.280780679319295,0.366742759072585,0.0297439191696302,0.227248146505154,-0.0201468013922642,-0.0224967950863021,-0.00526871473832703,-0.029715449003715
"14_ZHUA_l",11,0.377979379782639,0.402092838555084,0.101496227650859,0.317204300587615,-0.051784627487033,0.0165262250319224,0.0111551395853179,0.0184821704442476
"14_ZHUB_l",12,0.419083622281998,0.44436849885169,0.156941901762735,0.346618152005908,-0.0629495930868205,-0.0139736492253109,0.0454972055764332,0.0306431646139572
"14_ZHUC_l",2,0.148159654049634,0.22423862856122,0.00435766632197698,0.33470076250639,-0.134153879705465,0.0697496692861957,-0.0300401947112532,-0.0028944578633477
"15_BERD_l",1,0,NA,0.209763161420241,0.344615104648107,-0.150129532872037,0.0413804909456786,-0.0325500508222758,0.0375861441833043
"15_BEUB_l",4,0.287305762949596,0.372650502527845,0.0693277641247845,0.32668883365587,-0.0948659322927733,0.0296924584999063,-0.0194994984732055,-0.00878960972274683
"15_BEUC_l",9,0.278261678199838,0.294760490262716,0.0669667818035788,0.281457189077318,-0.0846457651286474,0.0457510990958866,-0.0187885175022161,-0.00582263328527283
"15_BSRD_l",1,0,NA,0.000277316525893153,0.463282455335456,-0.167045085081096,0.140663185670043,-0.0230162850976986,0.00874903793146375
"15_BSRE_l",2,0.141917379306796,0.214790988200454,0.105020238973067,0.403948779991782,-0.158587308976566,0.091021838307861,-0.0277831679599872,0.023167591057384
"15_BSRF_l",3,0.111469100408481,0.143918930450984,0.0727467016805753,0.408800048912717,-0.15829556649123,0.0996252871175448,-0.0275529210117541,0.0195867620438658
"15_BSUA_l",2,0.180680044021919,0.273458017567206,0.000396511037127502,0.357090696796825,-0.138820381485734,0.0816651697527612,-0.0280021237024586,-0.00473249090603045
"15_BSUB_l",5,0.170179106811544,0.19480106340171,0.0437511621180181,0.358570316798701,-0.145268731277445,0.0608589146753378,-0.0326236411654384,0.00738283925392294
"15_BSUC_l",6,0.246651019760695,0.279193505864231,0.0427001912546441,0.245669060806422,-0.0842848930478654,0.0258218698959079,-0.0199332186909291,0.00241235921487857
"15_ZHRD_l",5,0.314270294142139,0.360829760227376,0.0610690926278546,0.280639792175709,-0.0747087448336916,0.0146620945950405,-0.0167109131882769,-0.00606931002454525
"15_ZHRE_l",5,0.338782467538789,0.397475718661588,0.057308041575808,0.310950257774541,-0.0754757519913277,0.0303042287182782,-0.0114688581627939,-0.00381170214006305
"15_ZHRF_l",3,0.374381321562304,0.442342575324157,0.0250772722087092,0.376581292823922,-0.0921501999764139,0.05718479131846,-0.0131841359595384,-0.0140351531046459
"15_ZHUA_l",10,0.491018349500151,0.549328770005381,0.17044389241273,0.387236295832444,-0.0105592990825533,0.0354394599020999,0.0182664513816072,-0.00198882225777772
"15_ZHUB_l",3,0.334609210476136,0.43498544457538,0.00334211340889218,0.349464350334011,-0.0603412974149407,0.0940823230861691,-0.0194788813454992,0.0103949642184073
"15_ZHUC_l",3,0.146645543049213,0.183714420072683,0.00299754972328237,0.377561326782746,-0.145117614830675,0.0933875080808116,-0.027698891506735,0.000986707401589453
"16_BEUB_l",5,0.434084717928302,0.479455119263038,0.162007423891041,0.424340361382751,-0.0330589601839627,0.0982885106410644,-0.0434786765567451,0.0303176724958844
"16_BEUC_l",12,0.382838240836598,0.411510687512484,0.134251838593256,0.366276798854502,-0.0613964494979125,0.0696678140874651,-0.0242558021556546,0.0109355264461213
"16_BSRD_l",1,0,NA,0.000277316525893153,0.463282455335456,-0.167045085081096,0.140663185670043,-0.0230162850976986,0.00874903793146375
"16_BSRE_l",4,0.287305762949596,0.372650502527845,0.0693277641247845,0.32668883365587,-0.0948659322927733,0.0296924584999063,-0.0194994984732055,-0.00878960972274683
"16_BSRF_l",2,0.141917379306796,0.214790988200454,0.105020238973067,0.403948779991782,-0.158587308976566,0.091021838307861,-0.0277831679599872,0.023167591057384
"16_BSUA_l",2,0.180680044021919,0.273458017567206,0.000396511037127502,0.357090696796825,-0.138820381485734,0.0816651697527612,-0.0280021237024586,-0.00473249090603045
"16_BSUB_l",6,0.2250176980733,0.263153635355072,0.0382736220434308,0.311258982080804,-0.116338757804492,0.0524775088599729,-0.0252909303156559,0.003719222367074
"16_BSUC_l",5,0.299977000418446,0.32352729097001,0.0614801070075379,0.288928816381638,-0.0810921278418721,0.0678352966136832,-0.0119651933051131,4.42709127580496e-05
"16_ZHRD_l",4,0.293527582581774,0.361344010606869,0.0736148853671948,0.331854683212165,-0.100443031995234,0.0152489142534225,-0.0238679405139115,-0.00403610441561598
"16_ZHRE_l",8,0.381292937782135,0.426365824764764,0.11186388895612,0.336374398269479,-0.0575091859262877,0.0310289417554681,-0.0332933149021804,0.0150014575055394
"16_ZHRF_l",5,0.293331737073009,0.344420864071322,0.0569989956092743,0.357982296423407,-0.113488282364888,0.0391372846179268,-0.0239147878371204,-0.00163027704981827
"16_ZHUA_l",6,0.450476215866394,0.502087316823086,0.237297480148385,0.413439837209958,-0.0420044686132519,0.085443908096783,-0.0371973718796118,0.0336032520566827
"16_ZHUB_l",7,0.376595389451463,0.418092536978427,0.179199982269176,0.375418602342155,-0.0599900693705273,0.0883217060485001,-0.0303415441259699,0.0196707442076983
"16_ZHUC_l",2,0.0353134154648163,0.0534466140896239,0.00423847181074263,0.440892521045022,-0.162378583300827,0.128747685203478,-0.0250543561064932,0.0105870709741465
"17_BEUB_l",9,0.359216117733521,0.39173622639453,0.118937337814462,0.312918526824494,-0.052369031444789,0.0442506161923863,-0.00414034160850207,-0.0202542551841467
"17_BEUC_l",6,0.308834070177657,0.344849283139146,0.0551495195341959,0.325129924379815,-0.0746461961691741,0.0775772474663007,-0.0174766772872153,0.0067284021541153
"17_BSRD_l",3,0.111469100408481,0.143918930450984,0.0727467016805753,0.408800048912717,-0.15829556649123,0.0996252871175448,-0.0275529210117541,0.0195867620438658
"17_BSRE_l",3,0.362933490980697,0.46812192940199,0.0922651169835921,0.351952132121762,-0.0896226837602404,0.0320342267213821,-0.0150033438618678,-0.00564813971582089
"17_BSRF_l",3,0.111469100408481,0.143918930450984,0.0727467016805753,0.408800048912717,-0.15829556649123,0.0996252871175448,-0.0275529210117541,0.0195867620438658
"17_BSUA_l",6,0.339333088974086,0.36237091652672,0.053590090779676,0.269632497993044,-0.062208330163514,0.033988456033772,-0.00840287595420393,-0.0027881324900791
"17_BSUB_l",9,0.378515169445038,0.416332302074052,0.140419512318147,0.314237644836595,-0.0435615594401213,0.0621341612716453,-0.0240352239200062,0.0112392518104215
"17_BSUC_l",8,0.293165038345383,0.309838800395758,0.036797871843937,0.239365139011172,-0.0524945340966158,0.0415145440624559,-0.013856586388641,-0.00751274640155519
"17_ZHRD_l",3,0.345471798449713,0.436483631308745,0.0949058871734917,0.337025509261473,-0.0865116825733942,0.0240905597436718,-0.0163620578677308,-0.00442278435403239
"17_ZHRE_l",5,0.279121648781711,0.340763903708566,0.0561806877765936,0.342036049130397,-0.11204847502608,0.007170283981233,-0.0255562879685517,-0.00237968056870591
"17_ZHRF_l",7,0.44076616909359,0.500022164648186,0.200459082477358,0.372429089291395,-0.0438262333305522,0.0628244515259524,-0.0302970680061002,0.0121792875942128
"17_ZHUA_l",9,0.388543377180909,0.420927206046716,0.18868779519965,0.357474133528769,-0.0541463446079338,0.0630311425061049,-0.0285698442621269,0.0245526106146588
"17_ZHUB_l",3,0.146645543049213,0.183714420072683,0.00299754972328237,0.377561326782746,-0.145117614830675,0.0933875080808116,-0.027698891506735,0.000986707401589453
"17_ZHUC_l",5,0.434277459624068,0.504018460118111,0.245644670198491,0.393628459929361,-0.0275369254506349,0.0965929734869199,-0.0299236539578746,0.0275086228582097
"18_BEUB_l",7,0.328442830220559,0.368318893969265,0.0713421333502052,0.282670166652485,-0.0540291393355269,0.0360670381773867,-0.020993975611419,0.00650539188566374
"18_BEUC_l",6,0.41442979143327,0.467514650429432,0.204940288710097,0.38713077832722,-0.0514615288535407,0.093588604608187,-0.0327331920350266,0.021695885264956
"18_BSRD_l",2,0.141917379306796,0.214790988200454,0.105020238973067,0.403948779991782,-0.158587308976566,0.091021838307861,-0.0277831679599872,0.023167591057384
"18_BSRE_l",2,0.141917379306796,0.214790988200454,0.105020238973067,0.403948779991782,-0.158587308976566,0.091021838307861,-0.0277831679599872,0.023167591057384
"18_BSRF_l",2,0.141917379306796,0.214790988200454,0.105020238973067,0.403948779991782,-0.158587308976566,0.091021838307861,-0.0277831679599872,0.023167591057384
"18_BSUA_l",4,0.302890513187255,0.353834939353815,0.0130006552130664,0.230111339106968,-0.0636900544586889,0.0289786886107075,-0.0115292908588839,-0.000757338357878933
"18_BSUB_l",6,0.38488961393378,0.434529240671102,0.203125968431682,0.427272476744861,-0.0796569269507795,0.0889521176757582,-0.0425405427713546,0.0235236839230748
"18_BSUC_l",7,0.406792173089404,0.452759987600245,0.186845177226579,0.35233232809172,-0.0382363174881694,0.0844659670831079,-0.0264198542333885,0.0123193202984428
"18_ZHRD_l",1,0,NA,0.000277316525893153,0.463282455335456,-0.167045085081096,0.140663185670043,-0.0230162850976986,0.00874903793146375
"18_ZHRE_l",4,0.24463736069528,0.301196537291546,0.0572121775465824,0.288612604607435,-0.10511862240082,0.0383197624581697,-0.0237991905770033,0.00804426140535333
"18_ZHRF_l",4,0.3173149377812,0.372716766621469,0.0712487445115921,0.368589745779969,-0.10664503320032,0.0532337162252647,-0.0180256146752228,-0.00112982878265835
"18_ZHUA_l",11,0.401155840163494,0.436351706642872,0.154843444145144,0.361080293205942,-0.053206354986119,0.0568639923609641,-0.0175252058682338,0.0038858063032998
"18_ZHUB_l",6,0.332536635482668,0.386939630215317,0.146682166819558,0.361459148710682,-0.129036528008733,0.0316335602125809,0.0018393598796314,0.026247628261075
"18_ZHUC_l",9,0.4335148141374,0.499907412485235,0.146194913781532,0.345415717787344,-0.0234733224930075,0.0445182984098968,0.00747243639142249,0.0225485731686389
"19_BEUB_l",6,0.287955313325428,0.342186759640122,0.103003360900136,0.341079646828243,-0.103658474687387,0.0349619934866795,-0.0319630580845361,0.00947125126565127
"19_BSRD_l",1,0,NA,0.000277316525893153,0.463282455335456,-0.167045085081096,0.140663185670043,-0.0230162850976986,0.00874903793146375
"19_BSRE_l",3,0.362933490980697,0.46812192940199,0.0922651169835921,0.351952132121762,-0.0896226837602404,0.0320342267213821,-0.0150033438618678,-0.00564813971582089
"19_BSRF_l",5,0.414171275381451,0.467346375864378,0.243751162118018,0.449616472294401,-0.067416056536303,0.110192229573195,-0.0415543552286833,0.0289548347313814
"19_BSUA_l",4,0.318289478731327,0.340421061180801,0.0112556275632932,0.256305261732108,-0.0678567536953646,0.0621228104271323,-0.00710587730932971,0.00224116553461296
"19_BSUB_l",3,0.146645543049213,0.183714420072683,0.00299754972328237,0.377561326782746,-0.145117614830675,0.0933875080808116,-0.027698891506735,0.000986707401589453
"19_BSUC_l",6,0.233069613214949,0.272237844720131,0.0495050531525933,0.322732201778705,-0.114204784280528,0.0556707858848869,-0.0252763388751253,-0.00117097887183694
"19_ZHRD_l",3,0.111469100408481,0.143918930450984,0.0727467016805753,0.408800048912717,-0.15829556649123,0.0996252871175448,-0.0275529210117541,0.0195867620438658
"19_ZHRE_l",5,0.246670512935692,0.289172202885973,0.0458252053424446,0.323546574753039,-0.117503914936875,0.0587884471005444,-0.0236426094811423,0.00818521671057541
"19_ZHRF_l",6,0.482493126403887,0.543453757535211,0.235325288705366,0.391606535613902,-0.0230859864792712,0.0732913695987176,-0.0256469186289249,0.0119925700931085
"19_ZHUA_l",10,0.345893731472983,0.354775380803564,0.084818050411654,0.276955002295454,-0.0497582536721167,0.028777031061183,-0.0071542153042384,0.0151229317085533
"19_ZHUB_l",3,0.321815513957709,0.422328998284192,0.0712481343147262,0.300652728933507,-0.0610847628029751,0.0337338797623719,-0.0251642815189202,0.0170188076521647
"19_ZHUC_l",6,0.140076602449966,0.150393660576524,0.0062339965484395,0.386201537068543,-0.151332580651381,0.0869499616902845,-0.0259965985554479,0.0134528111757833
"20_BEUB_l",5,0.126484041866568,0.153709254562062,0.0862665722850171,0.368638050370283,-0.147124513635517,0.0801544817905934,-0.0286932242911202,0.0127212000024272
"20_BSRD_l",3,0.362933490980697,0.46812192940199,0.0922651169835921,0.351952132121762,-0.0896226837602404,0.0320342267213821,-0.0150033438618678,-0.00564813971582089
"20_BSRE_l",2,0.141917379306796,0.214790988200454,0.105020238973067,0.403948779991782,-0.158587308976566,0.091021838307861,-0.0277831679599872,0.023167591057384
"20_BSRF_l",3,0.279760453202462,0.3646449244758,0.0736421332055426,0.294559262671149,-0.096315404713552,0.0647861641924114,-0.0145497132685709,0.0107110165515019
"20_BSUA_l",8,0.386175851158423,0.425868887158058,0.177968313178129,0.296768021134278,-0.0268322788827777,0.0640088937932116,-0.0204692339163914,0.0170868856250452
"20_BSUB_l",7,0.276354544817515,0.283606104904703,0.0328059617515117,0.242254022932698,-0.071777386770317,0.0513284208060514,-0.0112184231935806,0.00142820035605391
"20_BSUC_l",7,0.300571577790612,0.32383525548578,0.0347897490788644,0.260453017435808,-0.0698877186469873,0.0367105943407485,-0.0145354503691294,-0.00328962596117063
"20_ZHRD_l",9,0.382973631594785,0.416913321311216,0.182541348874288,0.360429055594964,-0.0582947770460488,0.07074329250001,-0.0305486168280405,0.0263086999809876
"20_ZHRE_l",5,0.315611035133585,0.36190821998568,0.078797128426322,0.300478463563812,-0.0679430480980591,0.0445082238706669,-0.0156322997488051,0.0263262510314659
"20_ZHRF_l",4,0.3173149377812,0.372716766621469,0.0712487445115921,0.368589745779969,-0.10664503320032,0.0532337162252647,-0.0180256146752228,-0.00112982878265835
"20_ZHUA_l",7,0.394800455539056,0.436086934641254,0.144124185627799,0.335845262943313,-0.0369978994680931,0.0530231482815813,-0.0359942025309563,0.0189278248295055
"20_ZHUB_l",4,0.151083488349748,0.179037335417279,0.0546889526475219,0.369324771249086,-0.146370594341015,0.0803857537970283,-0.0289116813356202,0.0101365665970182
"20_ZHUC_l",9,0.389235988684743,0.427483351931871,0.120895119927699,0.306957285536603,-0.0378173935761388,0.0469860606703404,0.0151461949975187,-0.00106588979433379
"21_BEUB_l",7,0.261567147598877,0.311221885525739,0.0417460666158852,0.341056209495834,-0.115336074244937,0.0252616853413344,-0.0284643571704723,-0.00542751875170825
"21_BSRD_l",3,0.328442110648206,0.426811625946908,0.00560259382929272,0.305850939874517,-0.0127099668765998,0.0979249097148282,-0.00234168298837549,0.00770035940099023
"21_BSRE_l",2,0.141917379306796,0.214790988200454,0.105020238973067,0.403948779991782,-0.158587308976566,0.091021838307861,-0.0277831679599872,0.023167591057384
"21_BSRF_l",2,0.141917379306796,0.214790988200454,0.105020238973067,0.403948779991782,-0.158587308976566,0.091021838307861,-0.0277831679599872,0.023167591057384
"21_BSUA_l",5,0.297698582845045,0.321086144804324,0.0509571343346827,0.273967230315308,-0.084311309530699,0.0579743465308416,-0.0121947120119189,0.00931016126435122
"21_BSUB_l",3,0.275184711169466,0.329330670784463,0.00645428843065974,0.318829116860454,-0.0988153523471273,0.0893552833967015,-0.0129120294265767,0.00219175996037409
"21_BSUC_l",12,0.351777572615782,0.381101681117508,0.110412943382726,0.272383551161579,-0.0149946702821274,0.0553195793970578,-0.0158506264432952,0.0132986512063155
"21_ZHRD_l",6,0.266030548829753,0.291897342480439,0.0376754928999419,0.278207695899445,-0.0876365472389375,0.0615551090408531,-0.0140584205085414,0.00104557187967242
"21_ZHRE_l",8,0.308318629265586,0.329195369504065,0.0550504143700689,0.282219513542567,-0.080549079046843,0.0409163374350109,-0.015671420176962,-0.003052233694331
"21_ZHRF_l",4,0.360252698724258,0.43582849151132,0.0716350519697592,0.309799697468886,-0.0591293702333692,0.0421923963507039,-0.00246820258231461,-0.00385661014546433
"21_ZHUA_l",7,0.324991045477771,0.352251683115498,0.0691624682744462,0.267166406044394,-0.0201465238303236,0.0446152140811437,-0.0183079932452423,0.0238733049390353
"21_ZHUB_l",8,0.40312765331938,0.438856994104585,0.0494220911121853,0.32421884186102,-0.0340973456153999,-0.0161149771265861,0.0492786457014719,0.0145940492765757
"21_ZHUC_l",2,0.148159654049634,0.22423862856122,0.00435766632197698,0.33470076250639,-0.134153879705465,0.0697496692861957,-0.0300401947112532,-0.0028944578633477
"22_BEUB_l",8,0.304565977127033,0.33593920761051,0.0378190859165696,0.29302644009565,-0.0766735257053646,0.0406519244856548,-0.0123751309340404,-0.00639315757784832
"22_BSRD_l",1,0,NA,0.000277316525893153,0.463282455335456,-0.167045085081096,0.140663185670043,-0.0230162850976986,0.00874903793146375
"22_BSRE_l",3,0.160767402680866,0.211006526929986,0.0701853944981652,0.352932166080586,-0.142590098614502,0.0682369434837336,-0.0295180994090643,0.00937372079041446
"22_BSRF_l",2,0.141917379306796,0.214790988200454,0.105020238973067,0.403948779991782,-0.158587308976566,0.091021838307861,-0.0277831679599872,0.023167591057384
"22_BSUA_l",5,0.285028833388987,0.314478598186238,0.00910764316030695,0.255223997037325,-0.076404538534366,0.0542316791088017,-0.0122822943089075,-0.00184987152101457
"22_BSUB_l",7,0.313300043065171,0.340885861920472,0.0379588260294537,0.279185335822303,-0.0621917126644039,0.0614975510931995,-0.0138749146337532,0.0097615697539928
"22_BSUC_l",5,0.2497147636468,0.293634206642127,0.0490153673669804,0.322339114684895,-0.118093975007638,0.0524713542853727,-0.0242000517738622,0.0112072150062861
"22_ZHRD_l",10,0.28045102315296,0.281644392922039,0.0365089608836537,0.22311014580989,-0.0576734841727813,0.0353878301949655,-0.0105597118195308,-0.00472803420502047
"22_ZHRE_l",6,0.343325634346762,0.375176790838535,0.0527340985477439,0.287502168375128,-0.0612901781734622,0.0449096622343731,-0.00551072855632145,-0.00158112243512762
"22_ZHRF_l",3,0.362933490980697,0.46812192940199,0.0922651169835921,0.351952132121762,-0.0896226837602404,0.0320342267213821,-0.0150033438618678,-0.00564813971582089
"22_ZHUA_l",8,0.340246582019989,0.412165190474148,0.235274958008703,0.41820971448379,-0.110618370993876,0.0523806992099119,-0.0251499611105701,0.032951314435526
"22_ZHUB_l",4,0.271178910018431,0.323322899673822,0.00474295580751836,0.339761262348958,-0.113687975963081,0.0725166650222133,-0.0109711104546291,0.0165735142607212
"22_ZHUC_l",3,0.536987118167967,0.668392303463019,0.336238444214651,0.480061600496147,-0.00663522157612753,0.122972490416751,-0.0507351467411473,0.0328129971807129
"23_BSRD_l",1,0,NA,0.000277316525893153,0.463282455335456,-0.167045085081096,0.140663185670043,-0.0230162850976986,0.00874903793146375
"23_BSRE_l",2,0.141917379306796,0.214790988200454,0.105020238973067,0.403948779991782,-0.158587308976566,0.091021838307861,-0.0277831679599872,0.023167591057384
"23_BSRF_l",3,0.546516857458956,0.677697484170908,0.403346825982045,0.526226945486408,-0.0229241744235287,0.137153936431194,-0.0492304622403033,0.0501876964612007
"23_BSUA_l",7,0.391280578616212,0.449690284072064,0.127986373406218,0.299326676898897,-0.0233876685196916,0.0169998164124676,-0.0276729873528474,0.016097605277554
"23_BSUB_l",10,0.377270710284038,0.409850111688588,0.183331204749806,0.329230032454871,-0.0477473382883174,0.0600457330312826,-0.0218569477507167,0.0171407709180037
"23_BSUC_l",10,0.308324135887803,0.323498651281687,0.0524024528450302,0.262538604275243,-0.0727450790195944,0.0185326244885255,-0.022158134905571,-0.00395275546562531
"23_ZHRD_l",11,0.372412856115021,0.408607642665272,0.123520870664964,0.290859607409176,-0.0282723756303744,0.0437912611487696,-0.01781887260683,0.00127001938603101
"23_ZHRE_l",5,0.170179106811544,0.19480106340171,0.0437511621180181,0.358570316798701,-0.145268731277445,0.0608589146753378,-0.0326236411654384,0.00738283925392294
"23_ZHRF_l",4,0.3173149377812,0.372716766621469,0.0712487445115921,0.368589745779969,-0.10664503320032,0.0532337162252647,-0.0180256146752228,-0.00112982878265835
"23_ZHUA_l",8,0.321685815043653,0.352231481259126,0.0580079218244657,0.286786225950857,-0.0722083202019004,0.0218946465037825,-0.0218322478515578,0.00668494875322989
"23_ZHUB_l",3,0.146645543049213,0.183714420072683,0.00299754972328237,0.377561326782746,-0.145117614830675,0.0933875080808116,-0.027698891506735,0.000986707401589453
"23_ZHUC_l",5,0.312313806029385,0.352208894914627,0.00374006758902933,0.280880858741323,-0.0734413862347288,0.0409916982112549,-0.0160042737010449,-0.00943485759045836
"24_BEUB_l",6,0.231899140940152,0.246971046701717,0.0159538879650013,0.211447831834455,0.00401521281894181,-0.0186525588075605,-0.00301636328636518,-0.0273739788305547
"24_BSRD_l",4,0.206397733689013,0.267241000279989,0.10119786700125,0.348854658106782,-0.137323059401442,0.0328093688671101,-0.0373183665644186,-0.00311073377652777
"24_BSRE_l",5,0.273575199136278,0.329207645525114,0.057102136718946,0.345051584275614,-0.10743516213833,0.0471204037473075,-0.0210180842016219,-0.00454666697483161
"24_BSRF_l",3,0.111469100408481,0.143918930450984,0.0727467016805753,0.408800048912717,-0.15829556649123,0.0996252871175448,-0.0275529210117541,0.0195867620438658
"24_BSUA_l",4,0.480775016724702,0.557871064560018,0.170343017504975,0.400156193282381,-0.0235720808030477,0.0666509317534041,-0.0449591709505753,0.0328829165946217
"24_BSUB_l",8,0.444430820049019,0.506642739111431,0.183389970854382,0.388642657103838,-0.051721258842467,0.0508376627849581,-0.00951351086139032,0.0206888038321217
"24_BSUC_l",9,0.387118729788569,0.454496328515607,0.0990880619055331,0.309845761582047,-0.0102606696691044,0.0341833505892173,0.00614595436487508,0.0113192502752291
"24_ZHRD_l",4,0.300347246851438,0.366039237508791,0.0549473754117293,0.348252038912535,-0.0827883562792147,0.0809068650510465,-0.0227466737146933,0.0171927592096316
"24_ZHRE_l",4,0.238973329589261,0.284371211414365,0.0569962404924966,0.352435635062102,-0.110634032281611,0.0928856916478259,-0.0118803854447293,0.0150695661743007
"24_ZHRF_l",3,0.362933490980697,0.46812192940199,0.0922651169835921,0.351952132121762,-0.0896226837602404,0.0320342267213821,-0.0150033438618678,-0.00564813971582089
"24_ZHUA_l",6,0.359134331991596,0.411491685490773,0.107024428054178,0.342117046476428,-0.0753871177816228,0.0663968637979555,0.0037341267927539,-0.0183727039512623
"24_ZHUB_l",7,0.294162631685145,0.321203069484014,0.0179994482878011,0.255932671493565,-0.070516348125401,0.038512894236519,-0.00830310608693103,0.000454750085553785
"24_ZHUC_l",4,0.232164440666941,0.292078396551665,0.00270746775456988,0.279986174199965,-0.0953844142495229,0.0430985310321418,-0.0200558617073683,-0.000179107440221633
"25_BEUB_l",12,0.488302125130132,0.535496829189457,0.236233867633136,0.374971862135163,0.026421821560513,0.0288599426721318,-0.0354578805532452,0.0144848102055377
"25_BSRD_l",3,0.47940810295008,0.61192511162551,0.194452239445104,0.431541077228363,-0.0283184213752069,0.0708263149128334,-0.0596396165934007,0.0453347414021929
"25_BSRE_l",2,0.141917379306796,0.214790988200454,0.105020238973067,0.403948779991782,-0.158587308976566,0.091021838307861,-0.0277831679599872,0.023167591057384
"25_BSRF_l",3,0.336581507490871,0.430744350412085,0.0730912653661851,0.380703072463982,-0.0735192490754956,0.100320102122902,-0.0193329108505183,0.0289950188606836
"25_BSUA_l",7,0.321575285859226,0.345580803846215,0.0575255493607517,0.276199820287896,-0.0677306232413388,0.0251844459994106,-0.0146819722244968,-0.00813387963490184
"25_BSUB_l",4,0.247138159060155,0.29356771174136,0.0572815066780549,0.325275613807367,-0.111643897478355,0.0773615852839457,-0.0178215347755015,0.0110403560161066
"25_BSUC_l",7,0.320608259761145,0.355999452877945,0.0469722971013202,0.33878999125627,-0.0918832252715955,0.0514210088640895,-0.0156794013919544,0.0207440617014679
"25_ZHRD_l",1,0,NA,0.000277316525893153,0.463282455335456,-0.167045085081096,0.140663185670043,-0.0230162850976986,0.00874903793146375
"25_ZHRE_l",6,0.320425199350771,0.357929143682983,0.0493134832861442,0.31094861835782,-0.0898688346686607,0.0346668731751911,-0.0179427905118901,-0.00372558628489228
"25_ZHRF_l",4,0.3173149377812,0.372716766621469,0.0712487445115921,0.368589745779969,-0.10664503320032,0.0532337162252647,-0.0180256146752228,-0.00112982878265835
"25_ZHUA_l",6,0.226121758757396,0.254979103631834,0.0399557832533013,0.367154502325193,-0.116162430925703,0.0933270851488219,-0.0133204382144094,0.00497981645803598
"25_ZHUB_l",7,0.285396705720919,0.319735641042543,0.0326836749394232,0.308167393153401,-0.0822314615525292,0.0612078335386199,-0.0187081868691152,0.00971254074411963
"25_ZHUC_l",9,0.293982363647132,0.318590631584423,0.0523023327741832,0.285683061525626,-0.0717059549553243,0.000476546978026567,-0.0340030300554746,-0.0183338950742212
"26_BSRD_l",5,0.448124400352762,0.522822438882796,0.244288421032998,0.38107200054946,-0.0302279594696963,0.0892887558181147,-0.0337524305827734,0.023629387435963
"26_BSRE_l",2,0.141917379306796,0.214790988200454,0.105020238973067,0.403948779991782,-0.158587308976566,0.091021838307861,-0.0277831679599872,0.023167591057384
"26_BSRF_l",3,0.336581507490871,0.430744350412085,0.0730912653661851,0.380703072463982,-0.0735192490754956,0.100320102122902,-0.0193329108505183,0.0289950188606836
"26_BSUA_l",5,0.297698582845045,0.321086144804324,0.0509571343346827,0.273967230315308,-0.084311309530699,0.0579743465308416,-0.0121947120119189,0.00931016126435122
"26_BSUB_l",6,0.324386242127369,0.358270950748252,0.0863174058168517,0.30533354266245,-0.0890927210963555,0.0288997971358388,-0.0215255158301031,0.0104196699412591
"26_BSUC_l",5,0.170179106811544,0.19480106340171,0.0437511621180181,0.358570316798701,-0.145268731277445,0.0608589146753378,-0.0326236411654384,0.00738283925392294
"26_ZHRD_l",8,0.345898960674494,0.386621499403779,0.0620345541334024,0.314518802481442,-0.0662228210003272,0.0394050259035273,-0.0187272941132524,-0.0061181740100007
"26_ZHRE_l",3,0.134701419214802,0.177509464215464,0.0728261646880649,0.338005543220296,-0.139479097427655,0.0602932765060233,-0.0308768134149274,0.010599076152203
"26_ZHRF_l",4,0.309421504883353,0.386845104151051,0.0729937721613653,0.342395823154829,-0.102478333963644,0.0200895944088399,-0.022449028224777,-0.00412833267515024
"26_ZHUA_l",10,0.372341901929695,0.400930912520231,0.124141884856568,0.305036146724507,-0.0442254538029774,0.038843449497357,0.0137446048927135,0.00326441496298641
"26_ZHUB_l",7,0.351641281831941,0.402978075464866,0.0315678826432926,0.349331648436825,-0.0933042626760614,0.0209637136064502,0.0080305119443989,0.0102490453112718
"26_ZHUC_l",10,0.411812236241197,0.466688992408408,0.08803377855609,0.330860241174637,-0.0317788649371074,0.010958700683269,0.00166816157383506,0.00639442660374607
"27_BSRD_l",1,0,NA,0.000277316525893153,0.463282455335456,-0.167045085081096,0.140663185670043,-0.0230162850976986,0.00874903793146375
"27_BSRE_l",4,0.300347246851438,0.366039237508791,0.0549473754117293,0.348252038912535,-0.0827883562792147,0.0809068650510465,-0.0227466737146933,0.0171927592096316
"27_BSRF_l",2,0.141917379306796,0.214790988200454,0.105020238973067,0.403948779991782,-0.158587308976566,0.091021838307861,-0.0277831679599872,0.023167591057384
"27_BSUA_l",7,0.297092864663614,0.308431778807665,0.0379530847634158,0.251595554086227,-0.0763127746948829,0.0407054438291851,-0.0137896920614349,0.00410237196329084
"27_BSUB_l",5,0.247428420992698,0.291914909931379,0.0490153673669798,0.328367994018548,-0.121481946858646,0.052820635832743,-0.0188733325677033,0.0191882991604947
"27_BSUC_l",4,0.271352402897488,0.325178678057348,0.0114179221389564,0.313784062177407,-0.10246158488267,0.0590831234336927,-0.0143851144754493,0.00379497510439092
"27_ZHRD_l",7,0.32383490020446,0.348346686443785,0.0577609219741892,0.269435751476427,-0.0481922649078195,0.0542069805084261,0.00107225827663959,0.00091295882053705
"27_ZHRE_l",5,0.182724158920365,0.209971550914646,0.0503849623148166,0.381985922564359,-0.156694462410984,0.04838659850202,-0.0271574055673389,0.0217337361368775
"27_ZHRF_l",3,0.374381321562304,0.442342575324157,0.0250772722087092,0.376581292823922,-0.0921501999764139,0.05718479131846,-0.0131841359595384,-0.0140351531046459
"27_ZHUA_l",4,0.157556144508851,0.199978182275377,0.0630408001491379,0.337962300019777,-0.142305441646498,0.0348597486875272,-0.0312302051480744,0.0113580680892035
"27_ZHUB_l",3,0.293536304647275,0.385005792752569,0.0706982072911481,0.301560767485279,-0.0978960954321125,0.0493975981935316,-0.0121058736665755,0.017548944744288
"27_ZHUC_l",3,0.176337112290158,0.217556208606373,0.00282564787382849,0.409160645918491,-0.160852768293287,0.0806644454441276,-0.0236488655556344,0.0191491642002926
"28_BSRD_l",4,0.287305762949596,0.372650502527845,0.0693277641247845,0.32668883365587,-0.0948659322927733,0.0296924584999063,-0.0194994984732055,-0.00878960972274683
"28_BSRE_l",5,0.426967596274835,0.486996099696629,0.24405961268856,0.429184395956332,-0.064321056284342,0.0845705881823472,-0.0454129874961164,0.0258946010079421
"28_BSRF_l",3,0.111469100408481,0.143918930450984,0.0727467016805753,0.408800048912717,-0.15829556649123,0.0996252871175448,-0.0275529210117541,0.0195867620438658
"28_BSUA_l",8,0.400644265272621,0.439998695048022,0.158208949167989,0.316494019384906,-0.0357234160227042,0.0642945299352695,-0.0235816119038724,0.0166180638764837
"28_BSUB_l",6,0.238504516244461,0.277363994159943,0.0745187363020483,0.350408139271528,-0.123469303148526,0.0533153340376811,-0.0242017877412522,0.0116824281001971
"28_BSUC_l",4,0.203055580223908,0.228196974553772,0.00211923590537212,0.385758609188159,-0.155854895975755,0.0561862236302395,-0.0296045192879035,0.013453855620605
"28_ZHRD_l",5,0.414171275381451,0.467346375864378,0.243751162118018,0.449616472294401,-0.067416056536303,0.110192229573195,-0.0415543552286833,0.0289548347313814
"28_ZHRE_l",4,0.3173149377812,0.372716766621469,0.0712487445115921,0.368589745779969,-0.10664503320032,0.0532337162252647,-0.0180256146752228,-0.00112982878265835
"28_ZHRF_l",5,0.330275363093325,0.369972142886021,0.0806427154683011,0.304133569913389,-0.08286488979465,0.0455202939630462,-0.014496588951411,-0.00306816479817735
"28_ZHUA_l",8,0.386978497901079,0.420586520226787,0.0542754844873577,0.347319071502341,-0.0730116365601414,0.0302185977565638,0.00765790529419481,0.0181835437323195
"28_ZHUB_l",4,0.188488619298675,0.219793909318803,0.00224816229246183,0.369595219003417,-0.148288495692558,0.0661651225419654,-0.0259836397435304,0.00980836821433828
"28_ZHUC_l",5,0.232913455908451,0.27547976874033,0.0480841133803845,0.308922143723396,-0.11179877679016,0.0610798436909248,-0.0223491718471727,0.006812173668467
"29_BSRD_l",2,0.180680044021919,0.273458017567206,0.000396511037127502,0.357090696796825,-0.138820381485734,0.0816651697527612,-0.0280021237024586,-0.00473249090603045
"29_BSRE_l",3,0.160767402680866,0.211006526929986,0.0701853944981652,0.352932166080586,-0.142590098614502,0.0682369434837336,-0.0295180994090643,0.00937372079041446
"29_BSRF_l",3,0.546516857458956,0.677697484170908,0.403346825982045,0.526226945486408,-0.0229241744235287,0.137153936431194,-0.0492304622403033,0.0501876964612007
"29_BSUA_l",10,0.285577395272001,0.292232865040826,0.0363815875839195,0.226944649715097,-0.0574620736738492,0.030001558955655,-0.0118450115368145,-0.00513036613916192
"29_BSUB_l",8,0.24896909412042,0.278308519393523,0.0593144418585495,0.352866291336828,-0.116078224630473,0.0528408106305453,-0.0285776714962467,0.016288366731369
"29_BSUC_l",5,0.170179106811544,0.19480106340171,0.0437511621180181,0.358570316798701,-0.145268731277445,0.0608589146753378,-0.0326236411654384,0.00738283925392294
"29_ZHRD_l",6,0.425536802321838,0.481455988819368,0.204663664165005,0.397569001966444,-0.0568928174743516,0.0884351161914531,-0.0347161387935952,0.0253561879809671
"29_ZHRE_l",4,0.256174461299637,0.304522397178695,0.0599762153383901,0.32496556413516,-0.111761835873634,0.0699953237720121,-0.0198622708045882,0.0125682729765094
"29_ZHRF_l",3,0.362933490980697,0.46812192940199,0.0922651169835921,0.351952132121762,-0.0896226837602404,0.0320342267213821,-0.0150033438618678,-0.00564813971582089
"29_ZHUA_l",5,0.253895187547513,0.299060717550006,0.0440588497938079,0.327794378787028,-0.11846156276569,0.0494983028533537,-0.0222026375246533,0.0122569611762513
"29_ZHUB_l",6,0.263725680181329,0.29111174912424,0.0400227686448616,0.280773737444432,-0.0882412620873416,0.0636551924843494,-0.0127778957299721,0.00586511639496954
"29_ZHUC_l",6,0.367401435369498,0.418104843307602,0.108867119915384,0.36550692672103,-0.0800548548157801,0.0882630889587606,0.00656469971948283,-0.0149569419393698
"30_BSRD_l",4,0.287305762949596,0.372650502527845,0.0693277641247845,0.32668883365587,-0.0948659322927733,0.0296924584999063,-0.0194994984732055,-0.00878960972274683
"30_BSRE_l",4,0.163145490648333,0.203231025056534,0.0564339802972951,0.343309227112868,-0.142320575095077,0.0468380275665396,-0.0330840742338517,0.00756963339209288
"30_BSRF_l",3,0.111469100408481,0.143918930450984,0.0727467016805753,0.408800048912717,-0.15829556649123,0.0996252871175448,-0.0275529210117541,0.0195867620438658
"30_BSUA_l",7,0.321582662997201,0.351401634431044,0.0502929184455121,0.291358083326233,-0.0624371617786933,0.0606959209978921,-0.00732778429956454,0.0174329149156621
"30_BSUB_l",3,0.320309429015317,0.420212081915915,0.082882366926864,0.256062374707843,-0.00943697055352045,0.059199585481996,-0.00688989904672253,0.0218144391937036
"30_BSUC_l",11,0.384208069795304,0.413631137180186,0.115734460910602,0.342236564393299,-0.0566227094005046,0.0558328807320706,-0.0266574519514326,0.0155431894822221
"30_ZHRD_l",2,0.195088563820883,0.295265214270261,0.201999222965372,0.340618619416739,-0.13582573731715,-0.016046432018541,-0.0466346094263786,-0.00148897664702509
"30_ZHRE_l",5,0.508041485336349,0.580692962132574,0.256998995609274,0.449028451919107,-0.0356356076237464,0.0884705995157838,-0.0328455019003653,0.0199417184276401
"30_ZHRF_l",3,0.362933490980697,0.46812192940199,0.0922651169835921,0.351952132121762,-0.0896226837602404,0.0320342267213821,-0.0150033438618678,-0.00564813971582089
"30_ZHUA_l",12,0.468084560888026,0.513644035670054,0.155205151920622,0.374352612314469,-0.0205727254225172,0.0381035228230625,0.0227181332267245,0.00465924510029297
"30_ZHUB_l",3,0.160767402680866,0.211006526929986,0.0701853944981652,0.352932166080586,-0.142590098614502,0.0682369434837336,-0.0295180994090643,0.00937372079041446
"30_ZHUC_l",9,0.359989649237199,0.396709621477906,0.0286274867022934,0.277316785806451,-0.042930401100513,0.0136152321294166,0.00896263791723842,0.00196485858784098
"31_BSRD_l",4,0.151083488349748,0.179037335417279,0.0546889526475219,0.369324771249086,-0.146370594341015,0.0803857537970283,-0.0289116813356202,0.0101365665970182
"31_BSRE_l",4,0.162554475346257,0.191770328431334,0.0545600262604315,0.393024260600895,-0.158171959437974,0.0708434568195153,-0.0258741618722947,0.0237584091960455
"31_BSUA_l",13,0.395843253352115,0.453380147087114,0.118635230036773,0.307678109994894,0.0154056633820079,0.0176244804431001,-0.0335663690947117,-0.0055086807642677
"31_BSUB_l",3,0.319225771287088,0.397890083321682,0.0740292285044374,0.387242217256608,-0.0735447000667737,0.112510863410126,-0.0176053222961762,0.0244281654980944
"31_BSUC_l",6,0.511494086890677,0.546258141808768,0.300219917808524,0.471420699927241,-0.0240657973059447,0.100018292183159,-0.0551143964197835,0.0483738966125911
"31_ZHRD_l",4,0.345385142782075,0.424005897128418,0.11775765886532,0.348119632637664,-0.0975974982607463,0.00565733129534642,-0.0264322999040212,-0.0143771291562043
"31_ZHRE_l",1,0,NA,0.209763161420241,0.344615104648107,-0.150129532872037,0.0413804909456786,-0.0325500508222758,0.0375861441833043
"31_ZHRF_l",6,0.359475208630823,0.406683814416944,0.0490380493664655,0.354020523254237,-0.0784707568496325,0.0524338421404365,-0.0203343893028638,0.00541641486969858
"31_ZHUA_l",5,0.365180289637806,0.418025345280225,0.160263901370229,0.40800954311853,-0.074488330900897,0.079293939249064,-0.0496802118826468,0.0183797235594282
"31_ZHUB_l",5,0.15131340576942,0.167255111986828,0.0483238939664006,0.39127078263251,-0.154561997564282,0.0798367206210116,-0.0308908421912915,0.0144877996912931
"31_ZHUC_l",11,0.329004337397307,0.352726566713205,0.07112167435193,0.261215637495482,-0.0391598182395076,0.0383109125102578,-0.0173170937371265,0.00565286999241738
"32_BSRD_l",2,0.180680044021919,0.273458017567206,0.000396511037127502,0.357090696796825,-0.138820381485734,0.0816651697527612,-0.0280021237024586,-0.00473249090603045
"32_BSRE_l",1,0,NA,0.209763161420241,0.344615104648107,-0.150129532872037,0.0413804909456786,-0.0325500508222758,0.0375861441833043
"32_BSRF_l",2,0.141917379306796,0.214790988200454,0.105020238973067,0.403948779991782,-0.158587308976566,0.091021838307861,-0.0277831679599872,0.023167591057384
"32_BSUA_l",9,0.278370816188141,0.30459414710319,0.109396381527124,0.215894289129699,-0.0233006663312315,0.00766160893058309,-0.0187597722320277,-0.0144454407843478
"32_BSUB_l",1,0,NA,0.212577050834998,0.36589116685507,-0.150140190813525,0.0792293937648537,-0.0278193961131199,0.0230597336240631
"32_BSUC_l",6,0.2250176980733,0.263153635355072,0.0382736220434308,0.311258982080804,-0.116338757804492,0.0524775088599729,-0.0252909303156559,0.003719222367074
"32_ZHRD_l",2,0.141917379306796,0.214790988200454,0.105020238973067,0.403948779991782,-0.158587308976566,0.091021838307861,-0.0277831679599872,0.023167591057384
"32_ZHRE_l",5,0.293331737073009,0.344420864071322,0.0569989956092743,0.357982296423407,-0.113488282364888,0.0391372846179268,-0.0239147878371204,-0.00163027704981827
"32_ZHRF_l",1,0,NA,0.0667548730046425,0.247958836381724,0.0483065666724113,-0.0859409964515757,0.0105563043343711,-0.0632796012622307
"32_ZHUA_l",5,0.246670512935692,0.289172202885973,0.0458252053424446,0.323546574753039,-0.117503914936875,0.0587884471005444,-0.0236426094811423,0.00818521671057541
"32_ZHUB_l",4,0.199124904612176,0.242172056551607,0.0956915902454292,0.351382195306849,-0.137229256506299,0.0634805543657447,-0.0236764490646755,0.0167158971798445
"32_ZHUC_l",9,0.312167533739254,0.329965760696021,0.0598566464982076,0.259903474265061,-0.0633513926312722,0.0207317993883616,-0.0191113924230388,-0.00440767934125272
"33_BSRD_l",4,0.411574520203403,0.470593400517875,0.200200950325696,0.451710496207398,-0.0705503001569606,0.0870061166464031,-0.0513933413526368,0.0510573730375593
"33_BSRE_l",1,0,NA,0.209763161420241,0.344615104648107,-0.150129532872037,0.0413804909456786,-0.0325500508222758,0.0375861441833043
"33_BSRF_l",5,0.414171275381451,0.467346375864378,0.243751162118018,0.449616472294401,-0.067416056536303,0.110192229573195,-0.0415543552286833,0.0289548347313814
"33_BSUB_l",1,0,NA,0.212577050834998,0.36589116685507,-0.150140190813525,0.0792293937648537,-0.0278193961131199,0.0230597336240631
"33_BSUC_l",10,0.450239000048611,0.489408662969697,0.189824562467085,0.373713221766635,-0.0326668297274912,0.0467944051333168,-0.0381124867223541,0.0216705276702846
"33_ZHRD_l",1,0,NA,0.209763161420241,0.344615104648107,-0.150129532872037,0.0413804909456786,-0.0325500508222758,0.0375861441833043
"33_ZHRE_l",4,0.3173149377812,0.372716766621469,0.0712487445115921,0.368589745779969,-0.10664503320032,0.0532337162252647,-0.0180256146752228,-0.00112982878265835
"33_ZHRF_l",2,0.406324263201254,0.614969008370348,0.0374772500501173,0.333230711568155,-0.054702757424073,0.0154455941426684,-0.00826806139045835,-0.0254272486227007
"33_ZHUB_l",3,0.103414875886454,0.143944960154484,0.14087250959371,0.391262908946211,-0.155771602922219,0.0870910234601919,-0.0277952440110314,0.0231316385796104
"34_BSRD_l",6,0.458245523815625,0.530695246023142,0.217357964715385,0.357880256464717,-0.0176305885049805,0.0548195530938565,-0.0268321766738492,0.0116628878993563
"34_BSRE_l",3,0.160767402680866,0.211006526929986,0.0701853944981652,0.352932166080586,-0.142590098614502,0.0682369434837336,-0.0295180994090643,0.00937372079041446
"34_BSRF_l",2,0.141917379306796,0.214790988200454,0.105020238973067,0.403948779991782,-0.158587308976566,0.091021838307861,-0.0277831679599872,0.023167591057384
"34_BSUB_l",2,0.0883408842658724,0.133703327405371,0.106427183680445,0.414586811095263,-0.15859263794731,0.109946289717449,-0.0254178406054093,0.0159043857777634
"34_ZHRD_l",1,0,NA,0.209763161420241,0.344615104648107,-0.150129532872037,0.0413804909456786,-0.0325500508222758,0.0375861441833043
"34_ZHRF_l",4,0.3173149377812,0.372716766621469,0.0712487445115921,0.368589745779969,-0.10664503320032,0.0532337162252647,-0.0180256146752228,-0.00112982878265835
"34_ZHUB_l",4,0.299830599459808,0.375140952802677,0.12348493144371,0.329677821873862,-0.0981636470658949,0.0257739405275591,-0.0301692015142635,0.0102345146592262
"35_BSRD_l",2,0.141917379306796,0.214790988200454,0.105020238973067,0.403948779991782,-0.158587308976566,0.091021838307861,-0.0277831679599872,0.023167591057384
"35_BSRE_l",2,0.141917379306796,0.214790988200454,0.105020238973067,0.403948779991782,-0.158587308976566,0.091021838307861,-0.0277831679599872,0.023167591057384
"35_BSRF_l",2,0.141917379306796,0.214790988200454,0.105020238973067,0.403948779991782,-0.158587308976566,0.091021838307861,-0.0277831679599872,0.023167591057384
"35_BSUB_l",2,0.0883408842658724,0.133703327405371,0.106427183680445,0.414586811095263,-0.15859263794731,0.109946289717449,-0.0254178406054093,0.0159043857777634
"35_ZHRD_l",2,0.141917379306796,0.214790988200454,0.105020238973067,0.403948779991782,-0.158587308976566,0.091021838307861,-0.0277831679599872,0.023167591057384
"35_ZHUB_l",5,0.345106346073402,0.401845836203386,0.0468535611402476,0.311000433576456,-0.0685816166545743,0.0537991369852317,-0.0161858706511734,0.0164573722031306
"36_BSRD_l",1,0,NA,0.209763161420241,0.344615104648107,-0.150129532872037,0.0413804909456786,-0.0325500508222758,0.0375861441833043
"36_BSRE_l",3,0.111469100408481,0.143918930450984,0.0727467016805753,0.408800048912717,-0.15829556649123,0.0996252871175448,-0.0275529210117541,0.0195867620438658
"36_BSRF_l",2,0.141917379306796,0.214790988200454,0.105020238973067,0.403948779991782,-0.158587308976566,0.091021838307861,-0.0277831679599872,0.023167591057384
"36_BSUB_l",8,0.33315355234138,0.358113826857413,0.117392089638354,0.298418920800914,-0.0727087870044268,0.0451779906761391,-0.0232543404809249,0.011663611903712
"36_ZHRD_l",4,0.3173149377812,0.372716766621469,0.0712487445115921,0.368589745779969,-0.10664503320032,0.0532337162252647,-0.0180256146752228,-0.00112982878265835
"36_ZHUB_l",2,0.141917379306796,0.214790988200454,0.105020238973067,0.403948779991782,-0.158587308976566,0.091021838307861,-0.0277831679599872,0.023167591057384
"37_BSRD_l",4,0.151083488349748,0.179037335417279,0.0546889526475219,0.369324771249086,-0.146370594341015,0.0803857537970283,-0.0289116813356202,0.0101365665970182
"37_BSRE_l",2,0.141917379306796,0.214790988200454,0.105020238973067,0.403948779991782,-0.158587308976566,0.091021838307861,-0.0277831679599872,0.023167591057384
"37_BSRF_l",2,0.141917379306796,0.214790988200454,0.105020238973067,0.403948779991782,-0.158587308976566,0.091021838307861,-0.0277831679599872,0.023167591057384
"37_ZHRD_l",3,0.281733600087243,0.363013968628971,0.0923445799910816,0.281157626429342,-0.0708062146966658,-0.00729778389013942,-0.0183272362650411,-0.0146358256074837
"37_ZHUB_l",6,0.286619839816198,0.320998685608765,0.0436479673864712,0.285250439842671,-0.0863653440385218,0.0432601917094898,-0.0200685705895054,-0.00109077940011643
"38_BSRD_l",2,0.141917379306796,0.214790988200454,0.105020238973067,0.403948779991782,-0.158587308976566,0.091021838307861,-0.0277831679599872,0.023167591057384
"38_BSRE_l",2,0.141917379306796,0.214790988200454,0.105020238973067,0.403948779991782,-0.158587308976566,0.091021838307861,-0.0277831679599872,0.023167591057384
"38_BSRF_l",2,0.141917379306796,0.214790988200454,0.105020238973067,0.403948779991782,-0.158587308976566,0.091021838307861,-0.0277831679599872,0.023167591057384
"38_ZHUB_l",5,0.275646340180997,0.315836559213439,0.0909179050896635,0.310859401183065,-0.101793325578259,0.0572647834822256,-0.0168509257537482,0.00415172106395459
"39_BSRE_l",2,0.108040914437798,0.163519189062873,0.108981394257916,0.381558845701347,-0.153920807196297,0.0791063378412955,-0.0298212389687818,0.0250056241000668
"40_BSRE_l",4,0.3173149377812,0.372716766621469,0.0712487445115921,0.368589745779969,-0.10664503320032,0.0532337162252647,-0.0180256146752228,-0.00112982878265835
"41_BSRE_l",3,0.546516857458956,0.677697484170908,0.403346825982045,0.526226945486408,-0.0229241744235287,0.137153936431194,-0.0492304622403033,0.0501876964612007
